name,abilities,height,weight,stats,types,attack,defense,hp,special-attack,special-defense,speed
bulbasaur,"[{'ability': {'name': 'overgrow', 'url': 'https://pokeapi.co/api/v2/ability/65/'}, 'is_hidden': False, 'slot': 1}, {'ability': {'name': 'chlorophyll', 'url': 'https://pokeapi.co/api/v2/ability/34/'}, 'is_hidden': True, 'slot': 3}]",7,69,"{'hp': 45, 'attack': 49, 'defense': 49, 'special-attack': 65, 'special-defense': 65, 'speed': 45}","['grass', 'poison']",49,49,45,65,65,45
ivysaur,"[{'ability': {'name': 'overgrow', 'url': 'https://pokeapi.co/api/v2/ability/65/'}, 'is_hidden': False, 'slot': 1}, {'ability': {'name': 'chlorophyll', 'url': 'https://pokeapi.co/api/v2/ability/34/'}, 'is_hidden': True, 'slot': 3}]",10,130,"{'hp': 60, 'attack': 62, 'defense': 63, 'special-attack': 80, 'special-defense': 80, 'speed': 60}","['grass', 'poison']",62,63,60,80,80,60
venusaur,"[{'ability': {'name': 'overgrow', 'url': 'https://pokeapi.co/api/v2/ability/65/'}, 'is_hidden': False, 'slot': 1}, {'ability': {'name': 'chlorophyll', 'url': 'https://pokeapi.co/api/v2/ability/34/'}, 'is_hidden': True, 'slot': 3}]",20,1000,"{'hp': 80, 'attack': 82, 'defense': 83, 'special-attack': 100, 'special-defense': 100, 'speed': 80}","['grass', 'poison']",82,83,80,100,100,80
charmander,"[{'ability': {'name': 'blaze', 'url': 'https://pokeapi.co/api/v2/ability/66/'}, 'is_hidden': False, 'slot': 1}, {'ability': {'name': 'solar-power', 'url': 'https://pokeapi.co/api/v2/ability/94/'}, 'is_hidden': True, 'slot': 3}]",6,85,"{'hp': 39, 'attack': 52, 'defense': 43, 'special-attack': 60, 'special-defense': 50, 'speed': 65}",['fire'],52,43,39,60,50,65
charmeleon,"[{'ability': {'name': 'blaze', 'url': 'https://pokeapi.co/api/v2/ability/66/'}, 'is_hidden': False, 'slot': 1}, {'ability': {'name': 'solar-power', 'url': 'https://pokeapi.co/api/v2/ability/94/'}, 'is_hidden': True, 'slot': 3}]",11,190,"{'hp': 58, 'attack': 64, 'defense': 58, 'special-attack': 80, 'special-defense': 65, 'speed': 80}",['fire'],64,58,58,80,65,80
charizard,"[{'ability': {'name': 'blaze', 'url': 'https://pokeapi.co/api/v2/ability/66/'}, 'is_hidden': False, 'slot': 1}, {'ability': {'name': 'solar-power', 'url': 'https://pokeapi.co/api/v2/ability/94/'}, 'is_hidden': True, 'slot': 3}]",17,905,"{'hp': 78, 'attack': 84, 'defense': 78, 'special-attack': 109, 'special-defense': 85, 'speed': 100}","['fire', 'flying']",84,78,78,109,85,100
squirtle,"[{'ability': {'name': 'torrent', 'url': 'https://pokeapi.co/api/v2/ability/67/'}, 'is_hidden': False, 'slot': 1}, {'ability': {'name': 'rain-dish', 'url': 'https://pokeapi.co/api/v2/ability/44/'}, 'is_hidden': True, 'slot': 3}]",5,90,"{'hp': 44, 'attack': 48, 'defense': 65, 'special-attack': 50, 'special-defense': 64, 'speed': 43}",['water'],48,65,44,50,64,43
wartortle,"[{'ability': {'name': 'torrent', 'url': 'https://pokeapi.co/api/v2/ability/67/'}, 'is_hidden': False, 'slot': 1}, {'ability': {'name': 'rain-dish', 'url': 'https://pokeapi.co/api/v2/ability/44/'}, 'is_hidden': True, 'slot': 3}]",10,225,"{'hp': 59, 'attack': 63, 'defense': 80, 'special-attack': 65, 'special-defense': 80, 'speed': 58}",['water'],63,80,59,65,80,58
blastoise,"[{'ability': {'name': 'torrent', 'url': 'https://pokeapi.co/api/v2/ability/67/'}, 'is_hidden': False, 'slot': 1}, {'ability': {'name': 'rain-dish', 'url': 'https://pokeapi.co/api/v2/ability/44/'}, 'is_hidden': True, 'slot': 3}]",16,855,"{'hp': 79, 'attack': 83, 'defense': 100, 'special-attack': 85, 'special-defense': 105, 'speed': 78}",['water'],83,100,79,85,105,78
caterpie,"[{'ability': {'name': 'shield-dust', 'url': 'https://pokeapi.co/api/v2/ability/19/'}, 'is_hidden': False, 'slot': 1}, {'ability': {'name': 'run-away', 'url': 'https://pokeapi.co/api/v2/ability/50/'}, 'is_hidden': True, 'slot': 3}]",3,29,"{'hp': 45, 'attack': 30, 'defense': 35, 'special-attack': 20, 'special-defense': 20, 'speed': 45}",['bug'],30,35,45,20,20,45
metapod,"[{'ability': {'name': 'shed-skin', 'url': 'https://pokeapi.co/api/v2/ability/61/'}, 'is_hidden': False, 'slot': 1}]",7,99,"{'hp': 50, 'attack': 20, 'defense': 55, 'special-attack': 25, 'special-defense': 25, 'speed': 30}",['bug'],20,55,50,25,25,30
butterfree,"[{'ability': {'name': 'compound-eyes', 'url': 'https://pokeapi.co/api/v2/ability/14/'}, 'is_hidden': False, 'slot': 1}, {'ability': {'name': 'tinted-lens', 'url': 'https://pokeapi.co/api/v2/ability/110/'}, 'is_hidden': True, 'slot': 3}]",11,320,"{'hp': 60, 'attack': 45, 'defense': 50, 'special-attack': 90, 'special-defense': 80, 'speed': 70}","['bug', 'flying']",45,50,60,90,80,70
weedle,"[{'ability': {'name': 'shield-dust', 'url': 'https://pokeapi.co/api/v2/ability/19/'}, 'is_hidden': False, 'slot': 1}, {'ability': {'name': 'run-away', 'url': 'https://pokeapi.co/api/v2/ability/50/'}, 'is_hidden': True, 'slot': 3}]",3,32,"{'hp': 40, 'attack': 35, 'defense': 30, 'special-attack': 20, 'special-defense': 20, 'speed': 50}","['bug', 'poison']",35,30,40,20,20,50
kakuna,"[{'ability': {'name': 'shed-skin', 'url': 'https://pokeapi.co/api/v2/ability/61/'}, 'is_hidden': False, 'slot': 1}]",6,100,"{'hp': 45, 'attack': 25, 'defense': 50, 'special-attack': 25, 'special-defense': 25, 'speed': 35}","['bug', 'poison']",25,50,45,25,25,35
beedrill,"[{'ability': {'name': 'swarm', 'url': 'https://pokeapi.co/api/v2/ability/68/'}, 'is_hidden': False, 'slot': 1}, {'ability': {'name': 'sniper', 'url': 'https://pokeapi.co/api/v2/ability/97/'}, 'is_hidden': True, 'slot': 3}]",10,295,"{'hp': 65, 'attack': 90, 'defense': 40, 'special-attack': 45, 'special-defense': 80, 'speed': 75}","['bug', 'poison']",90,40,65,45,80,75
pidgey,"[{'ability': {'name': 'keen-eye', 'url': 'https://pokeapi.co/api/v2/ability/51/'}, 'is_hidden': False, 'slot': 1}, {'ability': {'name': 'tangled-feet', 'url': 'https://pokeapi.co/api/v2/ability/77/'}, 'is_hidden': False, 'slot': 2}, {'ability': {'name': 'big-pecks', 'url': 'https://pokeapi.co/api/v2/ability/145/'}, 'is_hidden': True, 'slot': 3}]",3,18,"{'hp': 40, 'attack': 45, 'defense': 40, 'special-attack': 35, 'special-defense': 35, 'speed': 56}","['normal', 'flying']",45,40,40,35,35,56
pidgeotto,"[{'ability': {'name': 'keen-eye', 'url': 'https://pokeapi.co/api/v2/ability/51/'}, 'is_hidden': False, 'slot': 1}, {'ability': {'name': 'tangled-feet', 'url': 'https://pokeapi.co/api/v2/ability/77/'}, 'is_hidden': False, 'slot': 2}, {'ability': {'name': 'big-pecks', 'url': 'https://pokeapi.co/api/v2/ability/145/'}, 'is_hidden': True, 'slot': 3}]",11,300,"{'hp': 63, 'attack': 60, 'defense': 55, 'special-attack': 50, 'special-defense': 50, 'speed': 71}","['normal', 'flying']",60,55,63,50,50,71
pidgeot,"[{'ability': {'name': 'keen-eye', 'url': 'https://pokeapi.co/api/v2/ability/51/'}, 'is_hidden': False, 'slot': 1}, {'ability': {'name': 'tangled-feet', 'url': 'https://pokeapi.co/api/v2/ability/77/'}, 'is_hidden': False, 'slot': 2}, {'ability': {'name': 'big-pecks', 'url': 'https://pokeapi.co/api/v2/ability/145/'}, 'is_hidden': True, 'slot': 3}]",15,395,"{'hp': 83, 'attack': 80, 'defense': 75, 'special-attack': 70, 'special-defense': 70, 'speed': 101}","['normal', 'flying']",80,75,83,70,70,101
rattata,"[{'ability': {'name': 'run-away', 'url': 'https://pokeapi.co/api/v2/ability/50/'}, 'is_hidden': False, 'slot': 1}, {'ability': {'name': 'guts', 'url': 'https://pokeapi.co/api/v2/ability/62/'}, 'is_hidden': False, 'slot': 2}, {'ability': {'name': 'hustle', 'url': 'https://pokeapi.co/api/v2/ability/55/'}, 'is_hidden': True, 'slot': 3}]",3,35,"{'hp': 30, 'attack': 56, 'defense': 35, 'special-attack': 25, 'special-defense': 35, 'speed': 72}",['normal'],56,35,30,25,35,72
raticate,"[{'ability': {'name': 'run-away', 'url': 'https://pokeapi.co/api/v2/ability/50/'}, 'is_hidden': False, 'slot': 1}, {'ability': {'name': 'guts', 'url': 'https://pokeapi.co/api/v2/ability/62/'}, 'is_hidden': False, 'slot': 2}, {'ability': {'name': 'hustle', 'url': 'https://pokeapi.co/api/v2/ability/55/'}, 'is_hidden': True, 'slot': 3}]",7,185,"{'hp': 55, 'attack': 81, 'defense': 60, 'special-attack': 50, 'special-defense': 70, 'speed': 97}",['normal'],81,60,55,50,70,97
spearow,"[{'ability': {'name': 'keen-eye', 'url': 'https://pokeapi.co/api/v2/ability/51/'}, 'is_hidden': False, 'slot': 1}, {'ability': {'name': 'sniper', 'url': 'https://pokeapi.co/api/v2/ability/97/'}, 'is_hidden': True, 'slot': 3}]",3,20,"{'hp': 40, 'attack': 60, 'defense': 30, 'special-attack': 31, 'special-defense': 31, 'speed': 70}","['normal', 'flying']",60,30,40,31,31,70
fearow,"[{'ability': {'name': 'keen-eye', 'url': 'https://pokeapi.co/api/v2/ability/51/'}, 'is_hidden': False, 'slot': 1}, {'ability': {'name': 'sniper', 'url': 'https://pokeapi.co/api/v2/ability/97/'}, 'is_hidden': True, 'slot': 3}]",12,380,"{'hp': 65, 'attack': 90, 'defense': 65, 'special-attack': 61, 'special-defense': 61, 'speed': 100}","['normal', 'flying']",90,65,65,61,61,100
ekans,"[{'ability': {'name': 'intimidate', 'url': 'https://pokeapi.co/api/v2/ability/22/'}, 'is_hidden': False, 'slot': 1}, {'ability': {'name': 'shed-skin', 'url': 'https://pokeapi.co/api/v2/ability/61/'}, 'is_hidden': False, 'slot': 2}, {'ability': {'name': 'unnerve', 'url': 'https://pokeapi.co/api/v2/ability/127/'}, 'is_hidden': True, 'slot': 3}]",20,69,"{'hp': 35, 'attack': 60, 'defense': 44, 'special-attack': 40, 'special-defense': 54, 'speed': 55}",['poison'],60,44,35,40,54,55
arbok,"[{'ability': {'name': 'intimidate', 'url': 'https://pokeapi.co/api/v2/ability/22/'}, 'is_hidden': False, 'slot': 1}, {'ability': {'name': 'shed-skin', 'url': 'https://pokeapi.co/api/v2/ability/61/'}, 'is_hidden': False, 'slot': 2}, {'ability': {'name': 'unnerve', 'url': 'https://pokeapi.co/api/v2/ability/127/'}, 'is_hidden': True, 'slot': 3}]",35,650,"{'hp': 60, 'attack': 95, 'defense': 69, 'special-attack': 65, 'special-defense': 79, 'speed': 80}",['poison'],95,69,60,65,79,80
pikachu,"[{'ability': {'name': 'static', 'url': 'https://pokeapi.co/api/v2/ability/9/'}, 'is_hidden': False, 'slot': 1}, {'ability': {'name': 'lightning-rod', 'url': 'https://pokeapi.co/api/v2/ability/31/'}, 'is_hidden': True, 'slot': 3}]",4,60,"{'hp': 35, 'attack': 55, 'defense': 40, 'special-attack': 50, 'special-defense': 50, 'speed': 90}",['electric'],55,40,35,50,50,90
raichu,"[{'ability': {'name': 'static', 'url': 'https://pokeapi.co/api/v2/ability/9/'}, 'is_hidden': False, 'slot': 1}, {'ability': {'name': 'lightning-rod', 'url': 'https://pokeapi.co/api/v2/ability/31/'}, 'is_hidden': True, 'slot': 3}]",8,300,"{'hp': 60, 'attack': 90, 'defense': 55, 'special-attack': 90, 'special-defense': 80, 'speed': 110}",['electric'],90,55,60,90,80,110
sandshrew,"[{'ability': {'name': 'sand-veil', 'url': 'https://pokeapi.co/api/v2/ability/8/'}, 'is_hidden': False, 'slot': 1}, {'ability': {'name': 'sand-rush', 'url': 'https://pokeapi.co/api/v2/ability/146/'}, 'is_hidden': True, 'slot': 3}]",6,120,"{'hp': 50, 'attack': 75, 'defense': 85, 'special-attack': 20, 'special-defense': 30, 'speed': 40}",['ground'],75,85,50,20,30,40
sandslash,"[{'ability': {'name': 'sand-veil', 'url': 'https://pokeapi.co/api/v2/ability/8/'}, 'is_hidden': False, 'slot': 1}, {'ability': {'name': 'sand-rush', 'url': 'https://pokeapi.co/api/v2/ability/146/'}, 'is_hidden': True, 'slot': 3}]",10,295,"{'hp': 75, 'attack': 100, 'defense': 110, 'special-attack': 45, 'special-defense': 55, 'speed': 65}",['ground'],100,110,75,45,55,65
nidoran-f,"[{'ability': {'name': 'poison-point', 'url': 'https://pokeapi.co/api/v2/ability/38/'}, 'is_hidden': False, 'slot': 1}, {'ability': {'name': 'rivalry', 'url': 'https://pokeapi.co/api/v2/ability/79/'}, 'is_hidden': False, 'slot': 2}, {'ability': {'name': 'hustle', 'url': 'https://pokeapi.co/api/v2/ability/55/'}, 'is_hidden': True, 'slot': 3}]",4,70,"{'hp': 55, 'attack': 47, 'defense': 52, 'special-attack': 40, 'special-defense': 40, 'speed': 41}",['poison'],47,52,55,40,40,41
nidorina,"[{'ability': {'name': 'poison-point', 'url': 'https://pokeapi.co/api/v2/ability/38/'}, 'is_hidden': False, 'slot': 1}, {'ability': {'name': 'rivalry', 'url': 'https://pokeapi.co/api/v2/ability/79/'}, 'is_hidden': False, 'slot': 2}, {'ability': {'name': 'hustle', 'url': 'https://pokeapi.co/api/v2/ability/55/'}, 'is_hidden': True, 'slot': 3}]",8,200,"{'hp': 70, 'attack': 62, 'defense': 67, 'special-attack': 55, 'special-defense': 55, 'speed': 56}",['poison'],62,67,70,55,55,56
nidoqueen,"[{'ability': {'name': 'poison-point', 'url': 'https://pokeapi.co/api/v2/ability/38/'}, 'is_hidden': False, 'slot': 1}, {'ability': {'name': 'rivalry', 'url': 'https://pokeapi.co/api/v2/ability/79/'}, 'is_hidden': False, 'slot': 2}, {'ability': {'name': 'sheer-force', 'url': 'https://pokeapi.co/api/v2/ability/125/'}, 'is_hidden': True, 'slot': 3}]",13,600,"{'hp': 90, 'attack': 92, 'defense': 87, 'special-attack': 75, 'special-defense': 85, 'speed': 76}","['poison', 'ground']",92,87,90,75,85,76
nidoran-m,"[{'ability': {'name': 'poison-point', 'url': 'https://pokeapi.co/api/v2/ability/38/'}, 'is_hidden': False, 'slot': 1}, {'ability': {'name': 'rivalry', 'url': 'https://pokeapi.co/api/v2/ability/79/'}, 'is_hidden': False, 'slot': 2}, {'ability': {'name': 'hustle', 'url': 'https://pokeapi.co/api/v2/ability/55/'}, 'is_hidden': True, 'slot': 3}]",5,90,"{'hp': 46, 'attack': 57, 'defense': 40, 'special-attack': 40, 'special-defense': 40, 'speed': 50}",['poison'],57,40,46,40,40,50
nidorino,"[{'ability': {'name': 'poison-point', 'url': 'https://pokeapi.co/api/v2/ability/38/'}, 'is_hidden': False, 'slot': 1}, {'ability': {'name': 'rivalry', 'url': 'https://pokeapi.co/api/v2/ability/79/'}, 'is_hidden': False, 'slot': 2}, {'ability': {'name': 'hustle', 'url': 'https://pokeapi.co/api/v2/ability/55/'}, 'is_hidden': True, 'slot': 3}]",9,195,"{'hp': 61, 'attack': 72, 'defense': 57, 'special-attack': 55, 'special-defense': 55, 'speed': 65}",['poison'],72,57,61,55,55,65
nidoking,"[{'ability': {'name': 'poison-point', 'url': 'https://pokeapi.co/api/v2/ability/38/'}, 'is_hidden': False, 'slot': 1}, {'ability': {'name': 'rivalry', 'url': 'https://pokeapi.co/api/v2/ability/79/'}, 'is_hidden': False, 'slot': 2}, {'ability': {'name': 'sheer-force', 'url': 'https://pokeapi.co/api/v2/ability/125/'}, 'is_hidden': True, 'slot': 3}]",14,620,"{'hp': 81, 'attack': 102, 'defense': 77, 'special-attack': 85, 'special-defense': 75, 'speed': 85}","['poison', 'ground']",102,77,81,85,75,85
clefairy,"[{'ability': {'name': 'cute-charm', 'url': 'https://pokeapi.co/api/v2/ability/56/'}, 'is_hidden': False, 'slot': 1}, {'ability': {'name': 'magic-guard', 'url': 'https://pokeapi.co/api/v2/ability/98/'}, 'is_hidden': False, 'slot': 2}, {'ability': {'name': 'friend-guard', 'url': 'https://pokeapi.co/api/v2/ability/132/'}, 'is_hidden': True, 'slot': 3}]",6,75,"{'hp': 70, 'attack': 45, 'defense': 48, 'special-attack': 60, 'special-defense': 65, 'speed': 35}",['fairy'],45,48,70,60,65,35
clefable,"[{'ability': {'name': 'cute-charm', 'url': 'https://pokeapi.co/api/v2/ability/56/'}, 'is_hidden': False, 'slot': 1}, {'ability': {'name': 'magic-guard', 'url': 'https://pokeapi.co/api/v2/ability/98/'}, 'is_hidden': False, 'slot': 2}, {'ability': {'name': 'unaware', 'url': 'https://pokeapi.co/api/v2/ability/109/'}, 'is_hidden': True, 'slot': 3}]",13,400,"{'hp': 95, 'attack': 70, 'defense': 73, 'special-attack': 95, 'special-defense': 90, 'speed': 60}",['fairy'],70,73,95,95,90,60
vulpix,"[{'ability': {'name': 'flash-fire', 'url': 'https://pokeapi.co/api/v2/ability/18/'}, 'is_hidden': False, 'slot': 1}, {'ability': {'name': 'drought', 'url': 'https://pokeapi.co/api/v2/ability/70/'}, 'is_hidden': True, 'slot': 3}]",6,99,"{'hp': 38, 'attack': 41, 'defense': 40, 'special-attack': 50, 'special-defense': 65, 'speed': 65}",['fire'],41,40,38,50,65,65
ninetales,"[{'ability': {'name': 'flash-fire', 'url': 'https://pokeapi.co/api/v2/ability/18/'}, 'is_hidden': False, 'slot': 1}, {'ability': {'name': 'drought', 'url': 'https://pokeapi.co/api/v2/ability/70/'}, 'is_hidden': True, 'slot': 3}]",11,199,"{'hp': 73, 'attack': 76, 'defense': 75, 'special-attack': 81, 'special-defense': 100, 'speed': 100}",['fire'],76,75,73,81,100,100
jigglypuff,"[{'ability': {'name': 'cute-charm', 'url': 'https://pokeapi.co/api/v2/ability/56/'}, 'is_hidden': False, 'slot': 1}, {'ability': {'name': 'competitive', 'url': 'https://pokeapi.co/api/v2/ability/172/'}, 'is_hidden': False, 'slot': 2}, {'ability': {'name': 'friend-guard', 'url': 'https://pokeapi.co/api/v2/ability/132/'}, 'is_hidden': True, 'slot': 3}]",5,55,"{'hp': 115, 'attack': 45, 'defense': 20, 'special-attack': 45, 'special-defense': 25, 'speed': 20}","['normal', 'fairy']",45,20,115,45,25,20
wigglytuff,"[{'ability': {'name': 'cute-charm', 'url': 'https://pokeapi.co/api/v2/ability/56/'}, 'is_hidden': False, 'slot': 1}, {'ability': {'name': 'competitive', 'url': 'https://pokeapi.co/api/v2/ability/172/'}, 'is_hidden': False, 'slot': 2}, {'ability': {'name': 'frisk', 'url': 'https://pokeapi.co/api/v2/ability/119/'}, 'is_hidden': True, 'slot': 3}]",10,120,"{'hp': 140, 'attack': 70, 'defense': 45, 'special-attack': 85, 'special-defense': 50, 'speed': 45}","['normal', 'fairy']",70,45,140,85,50,45
zubat,"[{'ability': {'name': 'inner-focus', 'url': 'https://pokeapi.co/api/v2/ability/39/'}, 'is_hidden': False, 'slot': 1}, {'ability': {'name': 'infiltrator', 'url': 'https://pokeapi.co/api/v2/ability/151/'}, 'is_hidden': True, 'slot': 3}]",8,75,"{'hp': 40, 'attack': 45, 'defense': 35, 'special-attack': 30, 'special-defense': 40, 'speed': 55}","['poison', 'flying']",45,35,40,30,40,55
golbat,"[{'ability': {'name': 'inner-focus', 'url': 'https://pokeapi.co/api/v2/ability/39/'}, 'is_hidden': False, 'slot': 1}, {'ability': {'name': 'infiltrator', 'url': 'https://pokeapi.co/api/v2/ability/151/'}, 'is_hidden': True, 'slot': 3}]",16,550,"{'hp': 75, 'attack': 80, 'defense': 70, 'special-attack': 65, 'special-defense': 75, 'speed': 90}","['poison', 'flying']",80,70,75,65,75,90
oddish,"[{'ability': {'name': 'chlorophyll', 'url': 'https://pokeapi.co/api/v2/ability/34/'}, 'is_hidden': False, 'slot': 1}, {'ability': {'name': 'run-away', 'url': 'https://pokeapi.co/api/v2/ability/50/'}, 'is_hidden': True, 'slot': 3}]",5,54,"{'hp': 45, 'attack': 50, 'defense': 55, 'special-attack': 75, 'special-defense': 65, 'speed': 30}","['grass', 'poison']",50,55,45,75,65,30
gloom,"[{'ability': {'name': 'chlorophyll', 'url': 'https://pokeapi.co/api/v2/ability/34/'}, 'is_hidden': False, 'slot': 1}, {'ability': {'name': 'stench', 'url': 'https://pokeapi.co/api/v2/ability/1/'}, 'is_hidden': True, 'slot': 3}]",8,86,"{'hp': 60, 'attack': 65, 'defense': 70, 'special-attack': 85, 'special-defense': 75, 'speed': 40}","['grass', 'poison']",65,70,60,85,75,40
vileplume,"[{'ability': {'name': 'chlorophyll', 'url': 'https://pokeapi.co/api/v2/ability/34/'}, 'is_hidden': False, 'slot': 1}, {'ability': {'name': 'effect-spore', 'url': 'https://pokeapi.co/api/v2/ability/27/'}, 'is_hidden': True, 'slot': 3}]",12,186,"{'hp': 75, 'attack': 80, 'defense': 85, 'special-attack': 110, 'special-defense': 90, 'speed': 50}","['grass', 'poison']",80,85,75,110,90,50
paras,"[{'ability': {'name': 'effect-spore', 'url': 'https://pokeapi.co/api/v2/ability/27/'}, 'is_hidden': False, 'slot': 1}, {'ability': {'name': 'dry-skin', 'url': 'https://pokeapi.co/api/v2/ability/87/'}, 'is_hidden': False, 'slot': 2}, {'ability': {'name': 'damp', 'url': 'https://pokeapi.co/api/v2/ability/6/'}, 'is_hidden': True, 'slot': 3}]",3,54,"{'hp': 35, 'attack': 70, 'defense': 55, 'special-attack': 45, 'special-defense': 55, 'speed': 25}","['bug', 'grass']",70,55,35,45,55,25
parasect,"[{'ability': {'name': 'effect-spore', 'url': 'https://pokeapi.co/api/v2/ability/27/'}, 'is_hidden': False, 'slot': 1}, {'ability': {'name': 'dry-skin', 'url': 'https://pokeapi.co/api/v2/ability/87/'}, 'is_hidden': False, 'slot': 2}, {'ability': {'name': 'damp', 'url': 'https://pokeapi.co/api/v2/ability/6/'}, 'is_hidden': True, 'slot': 3}]",10,295,"{'hp': 60, 'attack': 95, 'defense': 80, 'special-attack': 60, 'special-defense': 80, 'speed': 30}","['bug', 'grass']",95,80,60,60,80,30
venonat,"[{'ability': {'name': 'compound-eyes', 'url': 'https://pokeapi.co/api/v2/ability/14/'}, 'is_hidden': False, 'slot': 1}, {'ability': {'name': 'tinted-lens', 'url': 'https://pokeapi.co/api/v2/ability/110/'}, 'is_hidden': False, 'slot': 2}, {'ability': {'name': 'run-away', 'url': 'https://pokeapi.co/api/v2/ability/50/'}, 'is_hidden': True, 'slot': 3}]",10,300,"{'hp': 60, 'attack': 55, 'defense': 50, 'special-attack': 40, 'special-defense': 55, 'speed': 45}","['bug', 'poison']",55,50,60,40,55,45
venomoth,"[{'ability': {'name': 'shield-dust', 'url': 'https://pokeapi.co/api/v2/ability/19/'}, 'is_hidden': False, 'slot': 1}, {'ability': {'name': 'tinted-lens', 'url': 'https://pokeapi.co/api/v2/ability/110/'}, 'is_hidden': False, 'slot': 2}, {'ability': {'name': 'wonder-skin', 'url': 'https://pokeapi.co/api/v2/ability/147/'}, 'is_hidden': True, 'slot': 3}]",15,125,"{'hp': 70, 'attack': 65, 'defense': 60, 'special-attack': 90, 'special-defense': 75, 'speed': 90}","['bug', 'poison']",65,60,70,90,75,90
diglett,"[{'ability': {'name': 'sand-veil', 'url': 'https://pokeapi.co/api/v2/ability/8/'}, 'is_hidden': False, 'slot': 1}, {'ability': {'name': 'arena-trap', 'url': 'https://pokeapi.co/api/v2/ability/71/'}, 'is_hidden': False, 'slot': 2}, {'ability': {'name': 'sand-force', 'url': 'https://pokeapi.co/api/v2/ability/159/'}, 'is_hidden': True, 'slot': 3}]",2,8,"{'hp': 10, 'attack': 55, 'defense': 25, 'special-attack': 35, 'special-defense': 45, 'speed': 95}",['ground'],55,25,10,35,45,95
dugtrio,"[{'ability': {'name': 'sand-veil', 'url': 'https://pokeapi.co/api/v2/ability/8/'}, 'is_hidden': False, 'slot': 1}, {'ability': {'name': 'arena-trap', 'url': 'https://pokeapi.co/api/v2/ability/71/'}, 'is_hidden': False, 'slot': 2}, {'ability': {'name': 'sand-force', 'url': 'https://pokeapi.co/api/v2/ability/159/'}, 'is_hidden': True, 'slot': 3}]",7,333,"{'hp': 35, 'attack': 100, 'defense': 50, 'special-attack': 50, 'special-defense': 70, 'speed': 120}",['ground'],100,50,35,50,70,120
meowth,"[{'ability': {'name': 'pickup', 'url': 'https://pokeapi.co/api/v2/ability/53/'}, 'is_hidden': False, 'slot': 1}, {'ability': {'name': 'technician', 'url': 'https://pokeapi.co/api/v2/ability/101/'}, 'is_hidden': False, 'slot': 2}, {'ability': {'name': 'unnerve', 'url': 'https://pokeapi.co/api/v2/ability/127/'}, 'is_hidden': True, 'slot': 3}]",4,42,"{'hp': 40, 'attack': 45, 'defense': 35, 'special-attack': 40, 'special-defense': 40, 'speed': 90}",['normal'],45,35,40,40,40,90
persian,"[{'ability': {'name': 'limber', 'url': 'https://pokeapi.co/api/v2/ability/7/'}, 'is_hidden': False, 'slot': 1}, {'ability': {'name': 'technician', 'url': 'https://pokeapi.co/api/v2/ability/101/'}, 'is_hidden': False, 'slot': 2}, {'ability': {'name': 'unnerve', 'url': 'https://pokeapi.co/api/v2/ability/127/'}, 'is_hidden': True, 'slot': 3}]",10,320,"{'hp': 65, 'attack': 70, 'defense': 60, 'special-attack': 65, 'special-defense': 65, 'speed': 115}",['normal'],70,60,65,65,65,115
psyduck,"[{'ability': {'name': 'damp', 'url': 'https://pokeapi.co/api/v2/ability/6/'}, 'is_hidden': False, 'slot': 1}, {'ability': {'name': 'cloud-nine', 'url': 'https://pokeapi.co/api/v2/ability/13/'}, 'is_hidden': False, 'slot': 2}, {'ability': {'name': 'swift-swim', 'url': 'https://pokeapi.co/api/v2/ability/33/'}, 'is_hidden': True, 'slot': 3}]",8,196,"{'hp': 50, 'attack': 52, 'defense': 48, 'special-attack': 65, 'special-defense': 50, 'speed': 55}",['water'],52,48,50,65,50,55
golduck,"[{'ability': {'name': 'damp', 'url': 'https://pokeapi.co/api/v2/ability/6/'}, 'is_hidden': False, 'slot': 1}, {'ability': {'name': 'cloud-nine', 'url': 'https://pokeapi.co/api/v2/ability/13/'}, 'is_hidden': False, 'slot': 2}, {'ability': {'name': 'swift-swim', 'url': 'https://pokeapi.co/api/v2/ability/33/'}, 'is_hidden': True, 'slot': 3}]",17,766,"{'hp': 80, 'attack': 82, 'defense': 78, 'special-attack': 95, 'special-defense': 80, 'speed': 85}",['water'],82,78,80,95,80,85
mankey,"[{'ability': {'name': 'vital-spirit', 'url': 'https://pokeapi.co/api/v2/ability/72/'}, 'is_hidden': False, 'slot': 1}, {'ability': {'name': 'anger-point', 'url': 'https://pokeapi.co/api/v2/ability/83/'}, 'is_hidden': False, 'slot': 2}, {'ability': {'name': 'defiant', 'url': 'https://pokeapi.co/api/v2/ability/128/'}, 'is_hidden': True, 'slot': 3}]",5,280,"{'hp': 40, 'attack': 80, 'defense': 35, 'special-attack': 35, 'special-defense': 45, 'speed': 70}",['fighting'],80,35,40,35,45,70
primeape,"[{'ability': {'name': 'vital-spirit', 'url': 'https://pokeapi.co/api/v2/ability/72/'}, 'is_hidden': False, 'slot': 1}, {'ability': {'name': 'anger-point', 'url': 'https://pokeapi.co/api/v2/ability/83/'}, 'is_hidden': False, 'slot': 2}, {'ability': {'name': 'defiant', 'url': 'https://pokeapi.co/api/v2/ability/128/'}, 'is_hidden': True, 'slot': 3}]",10,320,"{'hp': 65, 'attack': 105, 'defense': 60, 'special-attack': 60, 'special-defense': 70, 'speed': 95}",['fighting'],105,60,65,60,70,95
growlithe,"[{'ability': {'name': 'intimidate', 'url': 'https://pokeapi.co/api/v2/ability/22/'}, 'is_hidden': False, 'slot': 1}, {'ability': {'name': 'flash-fire', 'url': 'https://pokeapi.co/api/v2/ability/18/'}, 'is_hidden': False, 'slot': 2}, {'ability': {'name': 'justified', 'url': 'https://pokeapi.co/api/v2/ability/154/'}, 'is_hidden': True, 'slot': 3}]",7,190,"{'hp': 55, 'attack': 70, 'defense': 45, 'special-attack': 70, 'special-defense': 50, 'speed': 60}",['fire'],70,45,55,70,50,60
arcanine,"[{'ability': {'name': 'intimidate', 'url': 'https://pokeapi.co/api/v2/ability/22/'}, 'is_hidden': False, 'slot': 1}, {'ability': {'name': 'flash-fire', 'url': 'https://pokeapi.co/api/v2/ability/18/'}, 'is_hidden': False, 'slot': 2}, {'ability': {'name': 'justified', 'url': 'https://pokeapi.co/api/v2/ability/154/'}, 'is_hidden': True, 'slot': 3}]",19,1550,"{'hp': 90, 'attack': 110, 'defense': 80, 'special-attack': 100, 'special-defense': 80, 'speed': 95}",['fire'],110,80,90,100,80,95
poliwag,"[{'ability': {'name': 'water-absorb', 'url': 'https://pokeapi.co/api/v2/ability/11/'}, 'is_hidden': False, 'slot': 1}, {'ability': {'name': 'damp', 'url': 'https://pokeapi.co/api/v2/ability/6/'}, 'is_hidden': False, 'slot': 2}, {'ability': {'name': 'swift-swim', 'url': 'https://pokeapi.co/api/v2/ability/33/'}, 'is_hidden': True, 'slot': 3}]",6,124,"{'hp': 40, 'attack': 50, 'defense': 40, 'special-attack': 40, 'special-defense': 40, 'speed': 90}",['water'],50,40,40,40,40,90
poliwhirl,"[{'ability': {'name': 'water-absorb', 'url': 'https://pokeapi.co/api/v2/ability/11/'}, 'is_hidden': False, 'slot': 1}, {'ability': {'name': 'damp', 'url': 'https://pokeapi.co/api/v2/ability/6/'}, 'is_hidden': False, 'slot': 2}, {'ability': {'name': 'swift-swim', 'url': 'https://pokeapi.co/api/v2/ability/33/'}, 'is_hidden': True, 'slot': 3}]",10,200,"{'hp': 65, 'attack': 65, 'defense': 65, 'special-attack': 50, 'special-defense': 50, 'speed': 90}",['water'],65,65,65,50,50,90
poliwrath,"[{'ability': {'name': 'water-absorb', 'url': 'https://pokeapi.co/api/v2/ability/11/'}, 'is_hidden': False, 'slot': 1}, {'ability': {'name': 'damp', 'url': 'https://pokeapi.co/api/v2/ability/6/'}, 'is_hidden': False, 'slot': 2}, {'ability': {'name': 'swift-swim', 'url': 'https://pokeapi.co/api/v2/ability/33/'}, 'is_hidden': True, 'slot': 3}]",13,540,"{'hp': 90, 'attack': 95, 'defense': 95, 'special-attack': 70, 'special-defense': 90, 'speed': 70}","['water', 'fighting']",95,95,90,70,90,70
abra,"[{'ability': {'name': 'synchronize', 'url': 'https://pokeapi.co/api/v2/ability/28/'}, 'is_hidden': False, 'slot': 1}, {'ability': {'name': 'inner-focus', 'url': 'https://pokeapi.co/api/v2/ability/39/'}, 'is_hidden': False, 'slot': 2}, {'ability': {'name': 'magic-guard', 'url': 'https://pokeapi.co/api/v2/ability/98/'}, 'is_hidden': True, 'slot': 3}]",9,195,"{'hp': 25, 'attack': 20, 'defense': 15, 'special-attack': 105, 'special-defense': 55, 'speed': 90}",['psychic'],20,15,25,105,55,90
kadabra,"[{'ability': {'name': 'synchronize', 'url': 'https://pokeapi.co/api/v2/ability/28/'}, 'is_hidden': False, 'slot': 1}, {'ability': {'name': 'inner-focus', 'url': 'https://pokeapi.co/api/v2/ability/39/'}, 'is_hidden': False, 'slot': 2}, {'ability': {'name': 'magic-guard', 'url': 'https://pokeapi.co/api/v2/ability/98/'}, 'is_hidden': True, 'slot': 3}]",13,565,"{'hp': 40, 'attack': 35, 'defense': 30, 'special-attack': 120, 'special-defense': 70, 'speed': 105}",['psychic'],35,30,40,120,70,105
alakazam,"[{'ability': {'name': 'synchronize', 'url': 'https://pokeapi.co/api/v2/ability/28/'}, 'is_hidden': False, 'slot': 1}, {'ability': {'name': 'inner-focus', 'url': 'https://pokeapi.co/api/v2/ability/39/'}, 'is_hidden': False, 'slot': 2}, {'ability': {'name': 'magic-guard', 'url': 'https://pokeapi.co/api/v2/ability/98/'}, 'is_hidden': True, 'slot': 3}]",15,480,"{'hp': 55, 'attack': 50, 'defense': 45, 'special-attack': 135, 'special-defense': 95, 'speed': 120}",['psychic'],50,45,55,135,95,120
machop,"[{'ability': {'name': 'guts', 'url': 'https://pokeapi.co/api/v2/ability/62/'}, 'is_hidden': False, 'slot': 1}, {'ability': {'name': 'no-guard', 'url': 'https://pokeapi.co/api/v2/ability/99/'}, 'is_hidden': False, 'slot': 2}, {'ability': {'name': 'steadfast', 'url': 'https://pokeapi.co/api/v2/ability/80/'}, 'is_hidden': True, 'slot': 3}]",8,195,"{'hp': 70, 'attack': 80, 'defense': 50, 'special-attack': 35, 'special-defense': 35, 'speed': 35}",['fighting'],80,50,70,35,35,35
machoke,"[{'ability': {'name': 'guts', 'url': 'https://pokeapi.co/api/v2/ability/62/'}, 'is_hidden': False, 'slot': 1}, {'ability': {'name': 'no-guard', 'url': 'https://pokeapi.co/api/v2/ability/99/'}, 'is_hidden': False, 'slot': 2}, {'ability': {'name': 'steadfast', 'url': 'https://pokeapi.co/api/v2/ability/80/'}, 'is_hidden': True, 'slot': 3}]",15,705,"{'hp': 80, 'attack': 100, 'defense': 70, 'special-attack': 50, 'special-defense': 60, 'speed': 45}",['fighting'],100,70,80,50,60,45
machamp,"[{'ability': {'name': 'guts', 'url': 'https://pokeapi.co/api/v2/ability/62/'}, 'is_hidden': False, 'slot': 1}, {'ability': {'name': 'no-guard', 'url': 'https://pokeapi.co/api/v2/ability/99/'}, 'is_hidden': False, 'slot': 2}, {'ability': {'name': 'steadfast', 'url': 'https://pokeapi.co/api/v2/ability/80/'}, 'is_hidden': True, 'slot': 3}]",16,1300,"{'hp': 90, 'attack': 130, 'defense': 80, 'special-attack': 65, 'special-defense': 85, 'speed': 55}",['fighting'],130,80,90,65,85,55
bellsprout,"[{'ability': {'name': 'chlorophyll', 'url': 'https://pokeapi.co/api/v2/ability/34/'}, 'is_hidden': False, 'slot': 1}, {'ability': {'name': 'gluttony', 'url': 'https://pokeapi.co/api/v2/ability/82/'}, 'is_hidden': True, 'slot': 3}]",7,40,"{'hp': 50, 'attack': 75, 'defense': 35, 'special-attack': 70, 'special-defense': 30, 'speed': 40}","['grass', 'poison']",75,35,50,70,30,40
weepinbell,"[{'ability': {'name': 'chlorophyll', 'url': 'https://pokeapi.co/api/v2/ability/34/'}, 'is_hidden': False, 'slot': 1}, {'ability': {'name': 'gluttony', 'url': 'https://pokeapi.co/api/v2/ability/82/'}, 'is_hidden': True, 'slot': 3}]",10,64,"{'hp': 65, 'attack': 90, 'defense': 50, 'special-attack': 85, 'special-defense': 45, 'speed': 55}","['grass', 'poison']",90,50,65,85,45,55
victreebel,"[{'ability': {'name': 'chlorophyll', 'url': 'https://pokeapi.co/api/v2/ability/34/'}, 'is_hidden': False, 'slot': 1}, {'ability': {'name': 'gluttony', 'url': 'https://pokeapi.co/api/v2/ability/82/'}, 'is_hidden': True, 'slot': 3}]",17,155,"{'hp': 80, 'attack': 105, 'defense': 65, 'special-attack': 100, 'special-defense': 70, 'speed': 70}","['grass', 'poison']",105,65,80,100,70,70
tentacool,"[{'ability': {'name': 'clear-body', 'url': 'https://pokeapi.co/api/v2/ability/29/'}, 'is_hidden': False, 'slot': 1}, {'ability': {'name': 'liquid-ooze', 'url': 'https://pokeapi.co/api/v2/ability/64/'}, 'is_hidden': False, 'slot': 2}, {'ability': {'name': 'rain-dish', 'url': 'https://pokeapi.co/api/v2/ability/44/'}, 'is_hidden': True, 'slot': 3}]",9,455,"{'hp': 40, 'attack': 40, 'defense': 35, 'special-attack': 50, 'special-defense': 100, 'speed': 70}","['water', 'poison']",40,35,40,50,100,70
tentacruel,"[{'ability': {'name': 'clear-body', 'url': 'https://pokeapi.co/api/v2/ability/29/'}, 'is_hidden': False, 'slot': 1}, {'ability': {'name': 'liquid-ooze', 'url': 'https://pokeapi.co/api/v2/ability/64/'}, 'is_hidden': False, 'slot': 2}, {'ability': {'name': 'rain-dish', 'url': 'https://pokeapi.co/api/v2/ability/44/'}, 'is_hidden': True, 'slot': 3}]",16,550,"{'hp': 80, 'attack': 70, 'defense': 65, 'special-attack': 80, 'special-defense': 120, 'speed': 100}","['water', 'poison']",70,65,80,80,120,100
geodude,"[{'ability': {'name': 'rock-head', 'url': 'https://pokeapi.co/api/v2/ability/69/'}, 'is_hidden': False, 'slot': 1}, {'ability': {'name': 'sturdy', 'url': 'https://pokeapi.co/api/v2/ability/5/'}, 'is_hidden': False, 'slot': 2}, {'ability': {'name': 'sand-veil', 'url': 'https://pokeapi.co/api/v2/ability/8/'}, 'is_hidden': True, 'slot': 3}]",4,200,"{'hp': 40, 'attack': 80, 'defense': 100, 'special-attack': 30, 'special-defense': 30, 'speed': 20}","['rock', 'ground']",80,100,40,30,30,20
graveler,"[{'ability': {'name': 'rock-head', 'url': 'https://pokeapi.co/api/v2/ability/69/'}, 'is_hidden': False, 'slot': 1}, {'ability': {'name': 'sturdy', 'url': 'https://pokeapi.co/api/v2/ability/5/'}, 'is_hidden': False, 'slot': 2}, {'ability': {'name': 'sand-veil', 'url': 'https://pokeapi.co/api/v2/ability/8/'}, 'is_hidden': True, 'slot': 3}]",10,1050,"{'hp': 55, 'attack': 95, 'defense': 115, 'special-attack': 45, 'special-defense': 45, 'speed': 35}","['rock', 'ground']",95,115,55,45,45,35
golem,"[{'ability': {'name': 'rock-head', 'url': 'https://pokeapi.co/api/v2/ability/69/'}, 'is_hidden': False, 'slot': 1}, {'ability': {'name': 'sturdy', 'url': 'https://pokeapi.co/api/v2/ability/5/'}, 'is_hidden': False, 'slot': 2}, {'ability': {'name': 'sand-veil', 'url': 'https://pokeapi.co/api/v2/ability/8/'}, 'is_hidden': True, 'slot': 3}]",14,3000,"{'hp': 80, 'attack': 120, 'defense': 130, 'special-attack': 55, 'special-defense': 65, 'speed': 45}","['rock', 'ground']",120,130,80,55,65,45
ponyta,"[{'ability': {'name': 'run-away', 'url': 'https://pokeapi.co/api/v2/ability/50/'}, 'is_hidden': False, 'slot': 1}, {'ability': {'name': 'flash-fire', 'url': 'https://pokeapi.co/api/v2/ability/18/'}, 'is_hidden': False, 'slot': 2}, {'ability': {'name': 'flame-body', 'url': 'https://pokeapi.co/api/v2/ability/49/'}, 'is_hidden': True, 'slot': 3}]",10,300,"{'hp': 50, 'attack': 85, 'defense': 55, 'special-attack': 65, 'special-defense': 65, 'speed': 90}",['fire'],85,55,50,65,65,90
rapidash,"[{'ability': {'name': 'run-away', 'url': 'https://pokeapi.co/api/v2/ability/50/'}, 'is_hidden': False, 'slot': 1}, {'ability': {'name': 'flash-fire', 'url': 'https://pokeapi.co/api/v2/ability/18/'}, 'is_hidden': False, 'slot': 2}, {'ability': {'name': 'flame-body', 'url': 'https://pokeapi.co/api/v2/ability/49/'}, 'is_hidden': True, 'slot': 3}]",17,950,"{'hp': 65, 'attack': 100, 'defense': 70, 'special-attack': 80, 'special-defense': 80, 'speed': 105}",['fire'],100,70,65,80,80,105
slowpoke,"[{'ability': {'name': 'oblivious', 'url': 'https://pokeapi.co/api/v2/ability/12/'}, 'is_hidden': False, 'slot': 1}, {'ability': {'name': 'own-tempo', 'url': 'https://pokeapi.co/api/v2/ability/20/'}, 'is_hidden': False, 'slot': 2}, {'ability': {'name': 'regenerator', 'url': 'https://pokeapi.co/api/v2/ability/144/'}, 'is_hidden': True, 'slot': 3}]",12,360,"{'hp': 90, 'attack': 65, 'defense': 65, 'special-attack': 40, 'special-defense': 40, 'speed': 15}","['water', 'psychic']",65,65,90,40,40,15
slowbro,"[{'ability': {'name': 'oblivious', 'url': 'https://pokeapi.co/api/v2/ability/12/'}, 'is_hidden': False, 'slot': 1}, {'ability': {'name': 'own-tempo', 'url': 'https://pokeapi.co/api/v2/ability/20/'}, 'is_hidden': False, 'slot': 2}, {'ability': {'name': 'regenerator', 'url': 'https://pokeapi.co/api/v2/ability/144/'}, 'is_hidden': True, 'slot': 3}]",16,785,"{'hp': 95, 'attack': 75, 'defense': 110, 'special-attack': 100, 'special-defense': 80, 'speed': 30}","['water', 'psychic']",75,110,95,100,80,30
magnemite,"[{'ability': {'name': 'magnet-pull', 'url': 'https://pokeapi.co/api/v2/ability/42/'}, 'is_hidden': False, 'slot': 1}, {'ability': {'name': 'sturdy', 'url': 'https://pokeapi.co/api/v2/ability/5/'}, 'is_hidden': False, 'slot': 2}, {'ability': {'name': 'analytic', 'url': 'https://pokeapi.co/api/v2/ability/148/'}, 'is_hidden': True, 'slot': 3}]",3,60,"{'hp': 25, 'attack': 35, 'defense': 70, 'special-attack': 95, 'special-defense': 55, 'speed': 45}","['electric', 'steel']",35,70,25,95,55,45
magneton,"[{'ability': {'name': 'magnet-pull', 'url': 'https://pokeapi.co/api/v2/ability/42/'}, 'is_hidden': False, 'slot': 1}, {'ability': {'name': 'sturdy', 'url': 'https://pokeapi.co/api/v2/ability/5/'}, 'is_hidden': False, 'slot': 2}, {'ability': {'name': 'analytic', 'url': 'https://pokeapi.co/api/v2/ability/148/'}, 'is_hidden': True, 'slot': 3}]",10,600,"{'hp': 50, 'attack': 60, 'defense': 95, 'special-attack': 120, 'special-defense': 70, 'speed': 70}","['electric', 'steel']",60,95,50,120,70,70
farfetchd,"[{'ability': {'name': 'keen-eye', 'url': 'https://pokeapi.co/api/v2/ability/51/'}, 'is_hidden': False, 'slot': 1}, {'ability': {'name': 'inner-focus', 'url': 'https://pokeapi.co/api/v2/ability/39/'}, 'is_hidden': False, 'slot': 2}, {'ability': {'name': 'defiant', 'url': 'https://pokeapi.co/api/v2/ability/128/'}, 'is_hidden': True, 'slot': 3}]",8,150,"{'hp': 52, 'attack': 90, 'defense': 55, 'special-attack': 58, 'special-defense': 62, 'speed': 60}","['normal', 'flying']",90,55,52,58,62,60
doduo,"[{'ability': {'name': 'run-away', 'url': 'https://pokeapi.co/api/v2/ability/50/'}, 'is_hidden': False, 'slot': 1}, {'ability': {'name': 'early-bird', 'url': 'https://pokeapi.co/api/v2/ability/48/'}, 'is_hidden': False, 'slot': 2}, {'ability': {'name': 'tangled-feet', 'url': 'https://pokeapi.co/api/v2/ability/77/'}, 'is_hidden': True, 'slot': 3}]",14,392,"{'hp': 35, 'attack': 85, 'defense': 45, 'special-attack': 35, 'special-defense': 35, 'speed': 75}","['normal', 'flying']",85,45,35,35,35,75
dodrio,"[{'ability': {'name': 'run-away', 'url': 'https://pokeapi.co/api/v2/ability/50/'}, 'is_hidden': False, 'slot': 1}, {'ability': {'name': 'early-bird', 'url': 'https://pokeapi.co/api/v2/ability/48/'}, 'is_hidden': False, 'slot': 2}, {'ability': {'name': 'tangled-feet', 'url': 'https://pokeapi.co/api/v2/ability/77/'}, 'is_hidden': True, 'slot': 3}]",18,852,"{'hp': 60, 'attack': 110, 'defense': 70, 'special-attack': 60, 'special-defense': 60, 'speed': 110}","['normal', 'flying']",110,70,60,60,60,110
seel,"[{'ability': {'name': 'thick-fat', 'url': 'https://pokeapi.co/api/v2/ability/47/'}, 'is_hidden': False, 'slot': 1}, {'ability': {'name': 'hydration', 'url': 'https://pokeapi.co/api/v2/ability/93/'}, 'is_hidden': False, 'slot': 2}, {'ability': {'name': 'ice-body', 'url': 'https://pokeapi.co/api/v2/ability/115/'}, 'is_hidden': True, 'slot': 3}]",11,900,"{'hp': 65, 'attack': 45, 'defense': 55, 'special-attack': 45, 'special-defense': 70, 'speed': 45}",['water'],45,55,65,45,70,45
dewgong,"[{'ability': {'name': 'thick-fat', 'url': 'https://pokeapi.co/api/v2/ability/47/'}, 'is_hidden': False, 'slot': 1}, {'ability': {'name': 'hydration', 'url': 'https://pokeapi.co/api/v2/ability/93/'}, 'is_hidden': False, 'slot': 2}, {'ability': {'name': 'ice-body', 'url': 'https://pokeapi.co/api/v2/ability/115/'}, 'is_hidden': True, 'slot': 3}]",17,1200,"{'hp': 90, 'attack': 70, 'defense': 80, 'special-attack': 70, 'special-defense': 95, 'speed': 70}","['water', 'ice']",70,80,90,70,95,70
grimer,"[{'ability': {'name': 'stench', 'url': 'https://pokeapi.co/api/v2/ability/1/'}, 'is_hidden': False, 'slot': 1}, {'ability': {'name': 'sticky-hold', 'url': 'https://pokeapi.co/api/v2/ability/60/'}, 'is_hidden': False, 'slot': 2}, {'ability': {'name': 'poison-touch', 'url': 'https://pokeapi.co/api/v2/ability/143/'}, 'is_hidden': True, 'slot': 3}]",9,300,"{'hp': 80, 'attack': 80, 'defense': 50, 'special-attack': 40, 'special-defense': 50, 'speed': 25}",['poison'],80,50,80,40,50,25
muk,"[{'ability': {'name': 'stench', 'url': 'https://pokeapi.co/api/v2/ability/1/'}, 'is_hidden': False, 'slot': 1}, {'ability': {'name': 'sticky-hold', 'url': 'https://pokeapi.co/api/v2/ability/60/'}, 'is_hidden': False, 'slot': 2}, {'ability': {'name': 'poison-touch', 'url': 'https://pokeapi.co/api/v2/ability/143/'}, 'is_hidden': True, 'slot': 3}]",12,300,"{'hp': 105, 'attack': 105, 'defense': 75, 'special-attack': 65, 'special-defense': 100, 'speed': 50}",['poison'],105,75,105,65,100,50
shellder,"[{'ability': {'name': 'shell-armor', 'url': 'https://pokeapi.co/api/v2/ability/75/'}, 'is_hidden': False, 'slot': 1}, {'ability': {'name': 'skill-link', 'url': 'https://pokeapi.co/api/v2/ability/92/'}, 'is_hidden': False, 'slot': 2}, {'ability': {'name': 'overcoat', 'url': 'https://pokeapi.co/api/v2/ability/142/'}, 'is_hidden': True, 'slot': 3}]",3,40,"{'hp': 30, 'attack': 65, 'defense': 100, 'special-attack': 45, 'special-defense': 25, 'speed': 40}",['water'],65,100,30,45,25,40
cloyster,"[{'ability': {'name': 'shell-armor', 'url': 'https://pokeapi.co/api/v2/ability/75/'}, 'is_hidden': False, 'slot': 1}, {'ability': {'name': 'skill-link', 'url': 'https://pokeapi.co/api/v2/ability/92/'}, 'is_hidden': False, 'slot': 2}, {'ability': {'name': 'overcoat', 'url': 'https://pokeapi.co/api/v2/ability/142/'}, 'is_hidden': True, 'slot': 3}]",15,1325,"{'hp': 50, 'attack': 95, 'defense': 180, 'special-attack': 85, 'special-defense': 45, 'speed': 70}","['water', 'ice']",95,180,50,85,45,70
gastly,"[{'ability': {'name': 'levitate', 'url': 'https://pokeapi.co/api/v2/ability/26/'}, 'is_hidden': False, 'slot': 1}]",13,1,"{'hp': 30, 'attack': 35, 'defense': 30, 'special-attack': 100, 'special-defense': 35, 'speed': 80}","['ghost', 'poison']",35,30,30,100,35,80
haunter,"[{'ability': {'name': 'levitate', 'url': 'https://pokeapi.co/api/v2/ability/26/'}, 'is_hidden': False, 'slot': 1}]",16,1,"{'hp': 45, 'attack': 50, 'defense': 45, 'special-attack': 115, 'special-defense': 55, 'speed': 95}","['ghost', 'poison']",50,45,45,115,55,95
gengar,"[{'ability': {'name': 'cursed-body', 'url': 'https://pokeapi.co/api/v2/ability/130/'}, 'is_hidden': False, 'slot': 1}]",15,405,"{'hp': 60, 'attack': 65, 'defense': 60, 'special-attack': 130, 'special-defense': 75, 'speed': 110}","['ghost', 'poison']",65,60,60,130,75,110
onix,"[{'ability': {'name': 'rock-head', 'url': 'https://pokeapi.co/api/v2/ability/69/'}, 'is_hidden': False, 'slot': 1}, {'ability': {'name': 'sturdy', 'url': 'https://pokeapi.co/api/v2/ability/5/'}, 'is_hidden': False, 'slot': 2}, {'ability': {'name': 'weak-armor', 'url': 'https://pokeapi.co/api/v2/ability/133/'}, 'is_hidden': True, 'slot': 3}]",88,2100,"{'hp': 35, 'attack': 45, 'defense': 160, 'special-attack': 30, 'special-defense': 45, 'speed': 70}","['rock', 'ground']",45,160,35,30,45,70
drowzee,"[{'ability': {'name': 'insomnia', 'url': 'https://pokeapi.co/api/v2/ability/15/'}, 'is_hidden': False, 'slot': 1}, {'ability': {'name': 'forewarn', 'url': 'https://pokeapi.co/api/v2/ability/108/'}, 'is_hidden': False, 'slot': 2}, {'ability': {'name': 'inner-focus', 'url': 'https://pokeapi.co/api/v2/ability/39/'}, 'is_hidden': True, 'slot': 3}]",10,324,"{'hp': 60, 'attack': 48, 'defense': 45, 'special-attack': 43, 'special-defense': 90, 'speed': 42}",['psychic'],48,45,60,43,90,42
hypno,"[{'ability': {'name': 'insomnia', 'url': 'https://pokeapi.co/api/v2/ability/15/'}, 'is_hidden': False, 'slot': 1}, {'ability': {'name': 'forewarn', 'url': 'https://pokeapi.co/api/v2/ability/108/'}, 'is_hidden': False, 'slot': 2}, {'ability': {'name': 'inner-focus', 'url': 'https://pokeapi.co/api/v2/ability/39/'}, 'is_hidden': True, 'slot': 3}]",16,756,"{'hp': 85, 'attack': 73, 'defense': 70, 'special-attack': 73, 'special-defense': 115, 'speed': 67}",['psychic'],73,70,85,73,115,67
krabby,"[{'ability': {'name': 'hyper-cutter', 'url': 'https://pokeapi.co/api/v2/ability/52/'}, 'is_hidden': False, 'slot': 1}, {'ability': {'name': 'shell-armor', 'url': 'https://pokeapi.co/api/v2/ability/75/'}, 'is_hidden': False, 'slot': 2}, {'ability': {'name': 'sheer-force', 'url': 'https://pokeapi.co/api/v2/ability/125/'}, 'is_hidden': True, 'slot': 3}]",4,65,"{'hp': 30, 'attack': 105, 'defense': 90, 'special-attack': 25, 'special-defense': 25, 'speed': 50}",['water'],105,90,30,25,25,50
kingler,"[{'ability': {'name': 'hyper-cutter', 'url': 'https://pokeapi.co/api/v2/ability/52/'}, 'is_hidden': False, 'slot': 1}, {'ability': {'name': 'shell-armor', 'url': 'https://pokeapi.co/api/v2/ability/75/'}, 'is_hidden': False, 'slot': 2}, {'ability': {'name': 'sheer-force', 'url': 'https://pokeapi.co/api/v2/ability/125/'}, 'is_hidden': True, 'slot': 3}]",13,600,"{'hp': 55, 'attack': 130, 'defense': 115, 'special-attack': 50, 'special-defense': 50, 'speed': 75}",['water'],130,115,55,50,50,75
voltorb,"[{'ability': {'name': 'soundproof', 'url': 'https://pokeapi.co/api/v2/ability/43/'}, 'is_hidden': False, 'slot': 1}, {'ability': {'name': 'static', 'url': 'https://pokeapi.co/api/v2/ability/9/'}, 'is_hidden': False, 'slot': 2}, {'ability': {'name': 'aftermath', 'url': 'https://pokeapi.co/api/v2/ability/106/'}, 'is_hidden': True, 'slot': 3}]",5,104,"{'hp': 40, 'attack': 30, 'defense': 50, 'special-attack': 55, 'special-defense': 55, 'speed': 100}",['electric'],30,50,40,55,55,100
electrode,"[{'ability': {'name': 'soundproof', 'url': 'https://pokeapi.co/api/v2/ability/43/'}, 'is_hidden': False, 'slot': 1}, {'ability': {'name': 'static', 'url': 'https://pokeapi.co/api/v2/ability/9/'}, 'is_hidden': False, 'slot': 2}, {'ability': {'name': 'aftermath', 'url': 'https://pokeapi.co/api/v2/ability/106/'}, 'is_hidden': True, 'slot': 3}]",12,666,"{'hp': 60, 'attack': 50, 'defense': 70, 'special-attack': 80, 'special-defense': 80, 'speed': 150}",['electric'],50,70,60,80,80,150
exeggcute,"[{'ability': {'name': 'chlorophyll', 'url': 'https://pokeapi.co/api/v2/ability/34/'}, 'is_hidden': False, 'slot': 1}, {'ability': {'name': 'harvest', 'url': 'https://pokeapi.co/api/v2/ability/139/'}, 'is_hidden': True, 'slot': 3}]",4,25,"{'hp': 60, 'attack': 40, 'defense': 80, 'special-attack': 60, 'special-defense': 45, 'speed': 40}","['grass', 'psychic']",40,80,60,60,45,40
exeggutor,"[{'ability': {'name': 'chlorophyll', 'url': 'https://pokeapi.co/api/v2/ability/34/'}, 'is_hidden': False, 'slot': 1}, {'ability': {'name': 'harvest', 'url': 'https://pokeapi.co/api/v2/ability/139/'}, 'is_hidden': True, 'slot': 3}]",20,1200,"{'hp': 95, 'attack': 95, 'defense': 85, 'special-attack': 125, 'special-defense': 75, 'speed': 55}","['grass', 'psychic']",95,85,95,125,75,55
cubone,"[{'ability': {'name': 'rock-head', 'url': 'https://pokeapi.co/api/v2/ability/69/'}, 'is_hidden': False, 'slot': 1}, {'ability': {'name': 'lightning-rod', 'url': 'https://pokeapi.co/api/v2/ability/31/'}, 'is_hidden': False, 'slot': 2}, {'ability': {'name': 'battle-armor', 'url': 'https://pokeapi.co/api/v2/ability/4/'}, 'is_hidden': True, 'slot': 3}]",4,65,"{'hp': 50, 'attack': 50, 'defense': 95, 'special-attack': 40, 'special-defense': 50, 'speed': 35}",['ground'],50,95,50,40,50,35
marowak,"[{'ability': {'name': 'rock-head', 'url': 'https://pokeapi.co/api/v2/ability/69/'}, 'is_hidden': False, 'slot': 1}, {'ability': {'name': 'lightning-rod', 'url': 'https://pokeapi.co/api/v2/ability/31/'}, 'is_hidden': False, 'slot': 2}, {'ability': {'name': 'battle-armor', 'url': 'https://pokeapi.co/api/v2/ability/4/'}, 'is_hidden': True, 'slot': 3}]",10,450,"{'hp': 60, 'attack': 80, 'defense': 110, 'special-attack': 50, 'special-defense': 80, 'speed': 45}",['ground'],80,110,60,50,80,45
hitmonlee,"[{'ability': {'name': 'limber', 'url': 'https://pokeapi.co/api/v2/ability/7/'}, 'is_hidden': False, 'slot': 1}, {'ability': {'name': 'reckless', 'url': 'https://pokeapi.co/api/v2/ability/120/'}, 'is_hidden': False, 'slot': 2}, {'ability': {'name': 'unburden', 'url': 'https://pokeapi.co/api/v2/ability/84/'}, 'is_hidden': True, 'slot': 3}]",15,498,"{'hp': 50, 'attack': 120, 'defense': 53, 'special-attack': 35, 'special-defense': 110, 'speed': 87}",['fighting'],120,53,50,35,110,87
hitmonchan,"[{'ability': {'name': 'keen-eye', 'url': 'https://pokeapi.co/api/v2/ability/51/'}, 'is_hidden': False, 'slot': 1}, {'ability': {'name': 'iron-fist', 'url': 'https://pokeapi.co/api/v2/ability/89/'}, 'is_hidden': False, 'slot': 2}, {'ability': {'name': 'inner-focus', 'url': 'https://pokeapi.co/api/v2/ability/39/'}, 'is_hidden': True, 'slot': 3}]",14,502,"{'hp': 50, 'attack': 105, 'defense': 79, 'special-attack': 35, 'special-defense': 110, 'speed': 76}",['fighting'],105,79,50,35,110,76
lickitung,"[{'ability': {'name': 'own-tempo', 'url': 'https://pokeapi.co/api/v2/ability/20/'}, 'is_hidden': False, 'slot': 1}, {'ability': {'name': 'oblivious', 'url': 'https://pokeapi.co/api/v2/ability/12/'}, 'is_hidden': False, 'slot': 2}, {'ability': {'name': 'cloud-nine', 'url': 'https://pokeapi.co/api/v2/ability/13/'}, 'is_hidden': True, 'slot': 3}]",12,655,"{'hp': 90, 'attack': 55, 'defense': 75, 'special-attack': 60, 'special-defense': 75, 'speed': 30}",['normal'],55,75,90,60,75,30
koffing,"[{'ability': {'name': 'levitate', 'url': 'https://pokeapi.co/api/v2/ability/26/'}, 'is_hidden': False, 'slot': 1}, {'ability': {'name': 'neutralizing-gas', 'url': 'https://pokeapi.co/api/v2/ability/256/'}, 'is_hidden': False, 'slot': 2}, {'ability': {'name': 'stench', 'url': 'https://pokeapi.co/api/v2/ability/1/'}, 'is_hidden': True, 'slot': 3}]",6,10,"{'hp': 40, 'attack': 65, 'defense': 95, 'special-attack': 60, 'special-defense': 45, 'speed': 35}",['poison'],65,95,40,60,45,35
weezing,"[{'ability': {'name': 'levitate', 'url': 'https://pokeapi.co/api/v2/ability/26/'}, 'is_hidden': False, 'slot': 1}, {'ability': {'name': 'neutralizing-gas', 'url': 'https://pokeapi.co/api/v2/ability/256/'}, 'is_hidden': False, 'slot': 2}, {'ability': {'name': 'stench', 'url': 'https://pokeapi.co/api/v2/ability/1/'}, 'is_hidden': True, 'slot': 3}]",12,95,"{'hp': 65, 'attack': 90, 'defense': 120, 'special-attack': 85, 'special-defense': 70, 'speed': 60}",['poison'],90,120,65,85,70,60
rhyhorn,"[{'ability': {'name': 'lightning-rod', 'url': 'https://pokeapi.co/api/v2/ability/31/'}, 'is_hidden': False, 'slot': 1}, {'ability': {'name': 'rock-head', 'url': 'https://pokeapi.co/api/v2/ability/69/'}, 'is_hidden': False, 'slot': 2}, {'ability': {'name': 'reckless', 'url': 'https://pokeapi.co/api/v2/ability/120/'}, 'is_hidden': True, 'slot': 3}]",10,1150,"{'hp': 80, 'attack': 85, 'defense': 95, 'special-attack': 30, 'special-defense': 30, 'speed': 25}","['ground', 'rock']",85,95,80,30,30,25
rhydon,"[{'ability': {'name': 'lightning-rod', 'url': 'https://pokeapi.co/api/v2/ability/31/'}, 'is_hidden': False, 'slot': 1}, {'ability': {'name': 'rock-head', 'url': 'https://pokeapi.co/api/v2/ability/69/'}, 'is_hidden': False, 'slot': 2}, {'ability': {'name': 'reckless', 'url': 'https://pokeapi.co/api/v2/ability/120/'}, 'is_hidden': True, 'slot': 3}]",19,1200,"{'hp': 105, 'attack': 130, 'defense': 120, 'special-attack': 45, 'special-defense': 45, 'speed': 40}","['ground', 'rock']",130,120,105,45,45,40
chansey,"[{'ability': {'name': 'natural-cure', 'url': 'https://pokeapi.co/api/v2/ability/30/'}, 'is_hidden': False, 'slot': 1}, {'ability': {'name': 'serene-grace', 'url': 'https://pokeapi.co/api/v2/ability/32/'}, 'is_hidden': False, 'slot': 2}, {'ability': {'name': 'healer', 'url': 'https://pokeapi.co/api/v2/ability/131/'}, 'is_hidden': True, 'slot': 3}]",11,346,"{'hp': 250, 'attack': 5, 'defense': 5, 'special-attack': 35, 'special-defense': 105, 'speed': 50}",['normal'],5,5,250,35,105,50
tangela,"[{'ability': {'name': 'chlorophyll', 'url': 'https://pokeapi.co/api/v2/ability/34/'}, 'is_hidden': False, 'slot': 1}, {'ability': {'name': 'leaf-guard', 'url': 'https://pokeapi.co/api/v2/ability/102/'}, 'is_hidden': False, 'slot': 2}, {'ability': {'name': 'regenerator', 'url': 'https://pokeapi.co/api/v2/ability/144/'}, 'is_hidden': True, 'slot': 3}]",10,350,"{'hp': 65, 'attack': 55, 'defense': 115, 'special-attack': 100, 'special-defense': 40, 'speed': 60}",['grass'],55,115,65,100,40,60
kangaskhan,"[{'ability': {'name': 'early-bird', 'url': 'https://pokeapi.co/api/v2/ability/48/'}, 'is_hidden': False, 'slot': 1}, {'ability': {'name': 'scrappy', 'url': 'https://pokeapi.co/api/v2/ability/113/'}, 'is_hidden': False, 'slot': 2}, {'ability': {'name': 'inner-focus', 'url': 'https://pokeapi.co/api/v2/ability/39/'}, 'is_hidden': True, 'slot': 3}]",22,800,"{'hp': 105, 'attack': 95, 'defense': 80, 'special-attack': 40, 'special-defense': 80, 'speed': 90}",['normal'],95,80,105,40,80,90
horsea,"[{'ability': {'name': 'swift-swim', 'url': 'https://pokeapi.co/api/v2/ability/33/'}, 'is_hidden': False, 'slot': 1}, {'ability': {'name': 'sniper', 'url': 'https://pokeapi.co/api/v2/ability/97/'}, 'is_hidden': False, 'slot': 2}, {'ability': {'name': 'damp', 'url': 'https://pokeapi.co/api/v2/ability/6/'}, 'is_hidden': True, 'slot': 3}]",4,80,"{'hp': 30, 'attack': 40, 'defense': 70, 'special-attack': 70, 'special-defense': 25, 'speed': 60}",['water'],40,70,30,70,25,60
seadra,"[{'ability': {'name': 'poison-point', 'url': 'https://pokeapi.co/api/v2/ability/38/'}, 'is_hidden': False, 'slot': 1}, {'ability': {'name': 'sniper', 'url': 'https://pokeapi.co/api/v2/ability/97/'}, 'is_hidden': False, 'slot': 2}, {'ability': {'name': 'damp', 'url': 'https://pokeapi.co/api/v2/ability/6/'}, 'is_hidden': True, 'slot': 3}]",12,250,"{'hp': 55, 'attack': 65, 'defense': 95, 'special-attack': 95, 'special-defense': 45, 'speed': 85}",['water'],65,95,55,95,45,85
goldeen,"[{'ability': {'name': 'swift-swim', 'url': 'https://pokeapi.co/api/v2/ability/33/'}, 'is_hidden': False, 'slot': 1}, {'ability': {'name': 'water-veil', 'url': 'https://pokeapi.co/api/v2/ability/41/'}, 'is_hidden': False, 'slot': 2}, {'ability': {'name': 'lightning-rod', 'url': 'https://pokeapi.co/api/v2/ability/31/'}, 'is_hidden': True, 'slot': 3}]",6,150,"{'hp': 45, 'attack': 67, 'defense': 60, 'special-attack': 35, 'special-defense': 50, 'speed': 63}",['water'],67,60,45,35,50,63
seaking,"[{'ability': {'name': 'swift-swim', 'url': 'https://pokeapi.co/api/v2/ability/33/'}, 'is_hidden': False, 'slot': 1}, {'ability': {'name': 'water-veil', 'url': 'https://pokeapi.co/api/v2/ability/41/'}, 'is_hidden': False, 'slot': 2}, {'ability': {'name': 'lightning-rod', 'url': 'https://pokeapi.co/api/v2/ability/31/'}, 'is_hidden': True, 'slot': 3}]",13,390,"{'hp': 80, 'attack': 92, 'defense': 65, 'special-attack': 65, 'special-defense': 80, 'speed': 68}",['water'],92,65,80,65,80,68
staryu,"[{'ability': {'name': 'illuminate', 'url': 'https://pokeapi.co/api/v2/ability/35/'}, 'is_hidden': False, 'slot': 1}, {'ability': {'name': 'natural-cure', 'url': 'https://pokeapi.co/api/v2/ability/30/'}, 'is_hidden': False, 'slot': 2}, {'ability': {'name': 'analytic', 'url': 'https://pokeapi.co/api/v2/ability/148/'}, 'is_hidden': True, 'slot': 3}]",8,345,"{'hp': 30, 'attack': 45, 'defense': 55, 'special-attack': 70, 'special-defense': 55, 'speed': 85}",['water'],45,55,30,70,55,85
starmie,"[{'ability': {'name': 'illuminate', 'url': 'https://pokeapi.co/api/v2/ability/35/'}, 'is_hidden': False, 'slot': 1}, {'ability': {'name': 'natural-cure', 'url': 'https://pokeapi.co/api/v2/ability/30/'}, 'is_hidden': False, 'slot': 2}, {'ability': {'name': 'analytic', 'url': 'https://pokeapi.co/api/v2/ability/148/'}, 'is_hidden': True, 'slot': 3}]",11,800,"{'hp': 60, 'attack': 75, 'defense': 85, 'special-attack': 100, 'special-defense': 85, 'speed': 115}","['water', 'psychic']",75,85,60,100,85,115
mr-mime,"[{'ability': {'name': 'soundproof', 'url': 'https://pokeapi.co/api/v2/ability/43/'}, 'is_hidden': False, 'slot': 1}, {'ability': {'name': 'filter', 'url': 'https://pokeapi.co/api/v2/ability/111/'}, 'is_hidden': False, 'slot': 2}, {'ability': {'name': 'technician', 'url': 'https://pokeapi.co/api/v2/ability/101/'}, 'is_hidden': True, 'slot': 3}]",13,545,"{'hp': 40, 'attack': 45, 'defense': 65, 'special-attack': 100, 'special-defense': 120, 'speed': 90}","['psychic', 'fairy']",45,65,40,100,120,90
scyther,"[{'ability': {'name': 'swarm', 'url': 'https://pokeapi.co/api/v2/ability/68/'}, 'is_hidden': False, 'slot': 1}, {'ability': {'name': 'technician', 'url': 'https://pokeapi.co/api/v2/ability/101/'}, 'is_hidden': False, 'slot': 2}, {'ability': {'name': 'steadfast', 'url': 'https://pokeapi.co/api/v2/ability/80/'}, 'is_hidden': True, 'slot': 3}]",15,560,"{'hp': 70, 'attack': 110, 'defense': 80, 'special-attack': 55, 'special-defense': 80, 'speed': 105}","['bug', 'flying']",110,80,70,55,80,105
jynx,"[{'ability': {'name': 'oblivious', 'url': 'https://pokeapi.co/api/v2/ability/12/'}, 'is_hidden': False, 'slot': 1}, {'ability': {'name': 'forewarn', 'url': 'https://pokeapi.co/api/v2/ability/108/'}, 'is_hidden': False, 'slot': 2}, {'ability': {'name': 'dry-skin', 'url': 'https://pokeapi.co/api/v2/ability/87/'}, 'is_hidden': True, 'slot': 3}]",14,406,"{'hp': 65, 'attack': 50, 'defense': 35, 'special-attack': 115, 'special-defense': 95, 'speed': 95}","['ice', 'psychic']",50,35,65,115,95,95
electabuzz,"[{'ability': {'name': 'static', 'url': 'https://pokeapi.co/api/v2/ability/9/'}, 'is_hidden': False, 'slot': 1}, {'ability': {'name': 'vital-spirit', 'url': 'https://pokeapi.co/api/v2/ability/72/'}, 'is_hidden': True, 'slot': 3}]",11,300,"{'hp': 65, 'attack': 83, 'defense': 57, 'special-attack': 95, 'special-defense': 85, 'speed': 105}",['electric'],83,57,65,95,85,105
magmar,"[{'ability': {'name': 'flame-body', 'url': 'https://pokeapi.co/api/v2/ability/49/'}, 'is_hidden': False, 'slot': 1}, {'ability': {'name': 'vital-spirit', 'url': 'https://pokeapi.co/api/v2/ability/72/'}, 'is_hidden': True, 'slot': 3}]",13,445,"{'hp': 65, 'attack': 95, 'defense': 57, 'special-attack': 100, 'special-defense': 85, 'speed': 93}",['fire'],95,57,65,100,85,93
pinsir,"[{'ability': {'name': 'hyper-cutter', 'url': 'https://pokeapi.co/api/v2/ability/52/'}, 'is_hidden': False, 'slot': 1}, {'ability': {'name': 'mold-breaker', 'url': 'https://pokeapi.co/api/v2/ability/104/'}, 'is_hidden': False, 'slot': 2}, {'ability': {'name': 'moxie', 'url': 'https://pokeapi.co/api/v2/ability/153/'}, 'is_hidden': True, 'slot': 3}]",15,550,"{'hp': 65, 'attack': 125, 'defense': 100, 'special-attack': 55, 'special-defense': 70, 'speed': 85}",['bug'],125,100,65,55,70,85
tauros,"[{'ability': {'name': 'intimidate', 'url': 'https://pokeapi.co/api/v2/ability/22/'}, 'is_hidden': False, 'slot': 1}, {'ability': {'name': 'anger-point', 'url': 'https://pokeapi.co/api/v2/ability/83/'}, 'is_hidden': False, 'slot': 2}, {'ability': {'name': 'sheer-force', 'url': 'https://pokeapi.co/api/v2/ability/125/'}, 'is_hidden': True, 'slot': 3}]",14,884,"{'hp': 75, 'attack': 100, 'defense': 95, 'special-attack': 40, 'special-defense': 70, 'speed': 110}",['normal'],100,95,75,40,70,110
magikarp,"[{'ability': {'name': 'swift-swim', 'url': 'https://pokeapi.co/api/v2/ability/33/'}, 'is_hidden': False, 'slot': 1}, {'ability': {'name': 'rattled', 'url': 'https://pokeapi.co/api/v2/ability/155/'}, 'is_hidden': True, 'slot': 3}]",9,100,"{'hp': 20, 'attack': 10, 'defense': 55, 'special-attack': 15, 'special-defense': 20, 'speed': 80}",['water'],10,55,20,15,20,80
gyarados,"[{'ability': {'name': 'intimidate', 'url': 'https://pokeapi.co/api/v2/ability/22/'}, 'is_hidden': False, 'slot': 1}, {'ability': {'name': 'moxie', 'url': 'https://pokeapi.co/api/v2/ability/153/'}, 'is_hidden': True, 'slot': 3}]",65,2350,"{'hp': 95, 'attack': 125, 'defense': 79, 'special-attack': 60, 'special-defense': 100, 'speed': 81}","['water', 'flying']",125,79,95,60,100,81
lapras,"[{'ability': {'name': 'water-absorb', 'url': 'https://pokeapi.co/api/v2/ability/11/'}, 'is_hidden': False, 'slot': 1}, {'ability': {'name': 'shell-armor', 'url': 'https://pokeapi.co/api/v2/ability/75/'}, 'is_hidden': False, 'slot': 2}, {'ability': {'name': 'hydration', 'url': 'https://pokeapi.co/api/v2/ability/93/'}, 'is_hidden': True, 'slot': 3}]",25,2200,"{'hp': 130, 'attack': 85, 'defense': 80, 'special-attack': 85, 'special-defense': 95, 'speed': 60}","['water', 'ice']",85,80,130,85,95,60
ditto,"[{'ability': {'name': 'limber', 'url': 'https://pokeapi.co/api/v2/ability/7/'}, 'is_hidden': False, 'slot': 1}, {'ability': {'name': 'imposter', 'url': 'https://pokeapi.co/api/v2/ability/150/'}, 'is_hidden': True, 'slot': 3}]",3,40,"{'hp': 48, 'attack': 48, 'defense': 48, 'special-attack': 48, 'special-defense': 48, 'speed': 48}",['normal'],48,48,48,48,48,48
eevee,"[{'ability': {'name': 'run-away', 'url': 'https://pokeapi.co/api/v2/ability/50/'}, 'is_hidden': False, 'slot': 1}, {'ability': {'name': 'adaptability', 'url': 'https://pokeapi.co/api/v2/ability/91/'}, 'is_hidden': False, 'slot': 2}, {'ability': {'name': 'anticipation', 'url': 'https://pokeapi.co/api/v2/ability/107/'}, 'is_hidden': True, 'slot': 3}]",3,65,"{'hp': 55, 'attack': 55, 'defense': 50, 'special-attack': 45, 'special-defense': 65, 'speed': 55}",['normal'],55,50,55,45,65,55
vaporeon,"[{'ability': {'name': 'water-absorb', 'url': 'https://pokeapi.co/api/v2/ability/11/'}, 'is_hidden': False, 'slot': 1}, {'ability': {'name': 'hydration', 'url': 'https://pokeapi.co/api/v2/ability/93/'}, 'is_hidden': True, 'slot': 3}]",10,290,"{'hp': 130, 'attack': 65, 'defense': 60, 'special-attack': 110, 'special-defense': 95, 'speed': 65}",['water'],65,60,130,110,95,65
jolteon,"[{'ability': {'name': 'volt-absorb', 'url': 'https://pokeapi.co/api/v2/ability/10/'}, 'is_hidden': False, 'slot': 1}, {'ability': {'name': 'quick-feet', 'url': 'https://pokeapi.co/api/v2/ability/95/'}, 'is_hidden': True, 'slot': 3}]",8,245,"{'hp': 65, 'attack': 65, 'defense': 60, 'special-attack': 110, 'special-defense': 95, 'speed': 130}",['electric'],65,60,65,110,95,130
flareon,"[{'ability': {'name': 'flash-fire', 'url': 'https://pokeapi.co/api/v2/ability/18/'}, 'is_hidden': False, 'slot': 1}, {'ability': {'name': 'guts', 'url': 'https://pokeapi.co/api/v2/ability/62/'}, 'is_hidden': True, 'slot': 3}]",9,250,"{'hp': 65, 'attack': 130, 'defense': 60, 'special-attack': 95, 'special-defense': 110, 'speed': 65}",['fire'],130,60,65,95,110,65
porygon,"[{'ability': {'name': 'trace', 'url': 'https://pokeapi.co/api/v2/ability/36/'}, 'is_hidden': False, 'slot': 1}, {'ability': {'name': 'download', 'url': 'https://pokeapi.co/api/v2/ability/88/'}, 'is_hidden': False, 'slot': 2}, {'ability': {'name': 'analytic', 'url': 'https://pokeapi.co/api/v2/ability/148/'}, 'is_hidden': True, 'slot': 3}]",8,365,"{'hp': 65, 'attack': 60, 'defense': 70, 'special-attack': 85, 'special-defense': 75, 'speed': 40}",['normal'],60,70,65,85,75,40
omanyte,"[{'ability': {'name': 'swift-swim', 'url': 'https://pokeapi.co/api/v2/ability/33/'}, 'is_hidden': False, 'slot': 1}, {'ability': {'name': 'shell-armor', 'url': 'https://pokeapi.co/api/v2/ability/75/'}, 'is_hidden': False, 'slot': 2}, {'ability': {'name': 'weak-armor', 'url': 'https://pokeapi.co/api/v2/ability/133/'}, 'is_hidden': True, 'slot': 3}]",4,75,"{'hp': 35, 'attack': 40, 'defense': 100, 'special-attack': 90, 'special-defense': 55, 'speed': 35}","['rock', 'water']",40,100,35,90,55,35
omastar,"[{'ability': {'name': 'swift-swim', 'url': 'https://pokeapi.co/api/v2/ability/33/'}, 'is_hidden': False, 'slot': 1}, {'ability': {'name': 'shell-armor', 'url': 'https://pokeapi.co/api/v2/ability/75/'}, 'is_hidden': False, 'slot': 2}, {'ability': {'name': 'weak-armor', 'url': 'https://pokeapi.co/api/v2/ability/133/'}, 'is_hidden': True, 'slot': 3}]",10,350,"{'hp': 70, 'attack': 60, 'defense': 125, 'special-attack': 115, 'special-defense': 70, 'speed': 55}","['rock', 'water']",60,125,70,115,70,55
kabuto,"[{'ability': {'name': 'swift-swim', 'url': 'https://pokeapi.co/api/v2/ability/33/'}, 'is_hidden': False, 'slot': 1}, {'ability': {'name': 'battle-armor', 'url': 'https://pokeapi.co/api/v2/ability/4/'}, 'is_hidden': False, 'slot': 2}, {'ability': {'name': 'weak-armor', 'url': 'https://pokeapi.co/api/v2/ability/133/'}, 'is_hidden': True, 'slot': 3}]",5,115,"{'hp': 30, 'attack': 80, 'defense': 90, 'special-attack': 55, 'special-defense': 45, 'speed': 55}","['rock', 'water']",80,90,30,55,45,55
kabutops,"[{'ability': {'name': 'swift-swim', 'url': 'https://pokeapi.co/api/v2/ability/33/'}, 'is_hidden': False, 'slot': 1}, {'ability': {'name': 'battle-armor', 'url': 'https://pokeapi.co/api/v2/ability/4/'}, 'is_hidden': False, 'slot': 2}, {'ability': {'name': 'weak-armor', 'url': 'https://pokeapi.co/api/v2/ability/133/'}, 'is_hidden': True, 'slot': 3}]",13,405,"{'hp': 60, 'attack': 115, 'defense': 105, 'special-attack': 65, 'special-defense': 70, 'speed': 80}","['rock', 'water']",115,105,60,65,70,80
aerodactyl,"[{'ability': {'name': 'rock-head', 'url': 'https://pokeapi.co/api/v2/ability/69/'}, 'is_hidden': False, 'slot': 1}, {'ability': {'name': 'pressure', 'url': 'https://pokeapi.co/api/v2/ability/46/'}, 'is_hidden': False, 'slot': 2}, {'ability': {'name': 'unnerve', 'url': 'https://pokeapi.co/api/v2/ability/127/'}, 'is_hidden': True, 'slot': 3}]",18,590,"{'hp': 80, 'attack': 105, 'defense': 65, 'special-attack': 60, 'special-defense': 75, 'speed': 130}","['rock', 'flying']",105,65,80,60,75,130
snorlax,"[{'ability': {'name': 'immunity', 'url': 'https://pokeapi.co/api/v2/ability/17/'}, 'is_hidden': False, 'slot': 1}, {'ability': {'name': 'thick-fat', 'url': 'https://pokeapi.co/api/v2/ability/47/'}, 'is_hidden': False, 'slot': 2}, {'ability': {'name': 'gluttony', 'url': 'https://pokeapi.co/api/v2/ability/82/'}, 'is_hidden': True, 'slot': 3}]",21,4600,"{'hp': 160, 'attack': 110, 'defense': 65, 'special-attack': 65, 'special-defense': 110, 'speed': 30}",['normal'],110,65,160,65,110,30
articuno,"[{'ability': {'name': 'pressure', 'url': 'https://pokeapi.co/api/v2/ability/46/'}, 'is_hidden': False, 'slot': 1}, {'ability': {'name': 'snow-cloak', 'url': 'https://pokeapi.co/api/v2/ability/81/'}, 'is_hidden': True, 'slot': 3}]",17,554,"{'hp': 90, 'attack': 85, 'defense': 100, 'special-attack': 95, 'special-defense': 125, 'speed': 85}","['ice', 'flying']",85,100,90,95,125,85
zapdos,"[{'ability': {'name': 'pressure', 'url': 'https://pokeapi.co/api/v2/ability/46/'}, 'is_hidden': False, 'slot': 1}, {'ability': {'name': 'static', 'url': 'https://pokeapi.co/api/v2/ability/9/'}, 'is_hidden': True, 'slot': 3}]",16,526,"{'hp': 90, 'attack': 90, 'defense': 85, 'special-attack': 125, 'special-defense': 90, 'speed': 100}","['electric', 'flying']",90,85,90,125,90,100
moltres,"[{'ability': {'name': 'pressure', 'url': 'https://pokeapi.co/api/v2/ability/46/'}, 'is_hidden': False, 'slot': 1}, {'ability': {'name': 'flame-body', 'url': 'https://pokeapi.co/api/v2/ability/49/'}, 'is_hidden': True, 'slot': 3}]",20,600,"{'hp': 90, 'attack': 100, 'defense': 90, 'special-attack': 125, 'special-defense': 85, 'speed': 90}","['fire', 'flying']",100,90,90,125,85,90
dratini,"[{'ability': {'name': 'shed-skin', 'url': 'https://pokeapi.co/api/v2/ability/61/'}, 'is_hidden': False, 'slot': 1}, {'ability': {'name': 'marvel-scale', 'url': 'https://pokeapi.co/api/v2/ability/63/'}, 'is_hidden': True, 'slot': 3}]",18,33,"{'hp': 41, 'attack': 64, 'defense': 45, 'special-attack': 50, 'special-defense': 50, 'speed': 50}",['dragon'],64,45,41,50,50,50
dragonair,"[{'ability': {'name': 'shed-skin', 'url': 'https://pokeapi.co/api/v2/ability/61/'}, 'is_hidden': False, 'slot': 1}, {'ability': {'name': 'marvel-scale', 'url': 'https://pokeapi.co/api/v2/ability/63/'}, 'is_hidden': True, 'slot': 3}]",40,165,"{'hp': 61, 'attack': 84, 'defense': 65, 'special-attack': 70, 'special-defense': 70, 'speed': 70}",['dragon'],84,65,61,70,70,70
dragonite,"[{'ability': {'name': 'inner-focus', 'url': 'https://pokeapi.co/api/v2/ability/39/'}, 'is_hidden': False, 'slot': 1}, {'ability': {'name': 'multiscale', 'url': 'https://pokeapi.co/api/v2/ability/136/'}, 'is_hidden': True, 'slot': 3}]",22,2100,"{'hp': 91, 'attack': 134, 'defense': 95, 'special-attack': 100, 'special-defense': 100, 'speed': 80}","['dragon', 'flying']",134,95,91,100,100,80
mewtwo,"[{'ability': {'name': 'pressure', 'url': 'https://pokeapi.co/api/v2/ability/46/'}, 'is_hidden': False, 'slot': 1}, {'ability': {'name': 'unnerve', 'url': 'https://pokeapi.co/api/v2/ability/127/'}, 'is_hidden': True, 'slot': 3}]",20,1220,"{'hp': 106, 'attack': 110, 'defense': 90, 'special-attack': 154, 'special-defense': 90, 'speed': 130}",['psychic'],110,90,106,154,90,130
mew,"[{'ability': {'name': 'synchronize', 'url': 'https://pokeapi.co/api/v2/ability/28/'}, 'is_hidden': False, 'slot': 1}]",4,40,"{'hp': 100, 'attack': 100, 'defense': 100, 'special-attack': 100, 'special-defense': 100, 'speed': 100}",['psychic'],100,100,100,100,100,100
chikorita,"[{'ability': {'name': 'overgrow', 'url': 'https://pokeapi.co/api/v2/ability/65/'}, 'is_hidden': False, 'slot': 1}, {'ability': {'name': 'leaf-guard', 'url': 'https://pokeapi.co/api/v2/ability/102/'}, 'is_hidden': True, 'slot': 3}]",9,64,"{'hp': 45, 'attack': 49, 'defense': 65, 'special-attack': 49, 'special-defense': 65, 'speed': 45}",['grass'],49,65,45,49,65,45
bayleef,"[{'ability': {'name': 'overgrow', 'url': 'https://pokeapi.co/api/v2/ability/65/'}, 'is_hidden': False, 'slot': 1}, {'ability': {'name': 'leaf-guard', 'url': 'https://pokeapi.co/api/v2/ability/102/'}, 'is_hidden': True, 'slot': 3}]",12,158,"{'hp': 60, 'attack': 62, 'defense': 80, 'special-attack': 63, 'special-defense': 80, 'speed': 60}",['grass'],62,80,60,63,80,60
meganium,"[{'ability': {'name': 'overgrow', 'url': 'https://pokeapi.co/api/v2/ability/65/'}, 'is_hidden': False, 'slot': 1}, {'ability': {'name': 'leaf-guard', 'url': 'https://pokeapi.co/api/v2/ability/102/'}, 'is_hidden': True, 'slot': 3}]",18,1005,"{'hp': 80, 'attack': 82, 'defense': 100, 'special-attack': 83, 'special-defense': 100, 'speed': 80}",['grass'],82,100,80,83,100,80
cyndaquil,"[{'ability': {'name': 'blaze', 'url': 'https://pokeapi.co/api/v2/ability/66/'}, 'is_hidden': False, 'slot': 1}, {'ability': {'name': 'flash-fire', 'url': 'https://pokeapi.co/api/v2/ability/18/'}, 'is_hidden': True, 'slot': 3}]",5,79,"{'hp': 39, 'attack': 52, 'defense': 43, 'special-attack': 60, 'special-defense': 50, 'speed': 65}",['fire'],52,43,39,60,50,65
quilava,"[{'ability': {'name': 'blaze', 'url': 'https://pokeapi.co/api/v2/ability/66/'}, 'is_hidden': False, 'slot': 1}, {'ability': {'name': 'flash-fire', 'url': 'https://pokeapi.co/api/v2/ability/18/'}, 'is_hidden': True, 'slot': 3}]",9,190,"{'hp': 58, 'attack': 64, 'defense': 58, 'special-attack': 80, 'special-defense': 65, 'speed': 80}",['fire'],64,58,58,80,65,80
typhlosion,"[{'ability': {'name': 'blaze', 'url': 'https://pokeapi.co/api/v2/ability/66/'}, 'is_hidden': False, 'slot': 1}, {'ability': {'name': 'flash-fire', 'url': 'https://pokeapi.co/api/v2/ability/18/'}, 'is_hidden': True, 'slot': 3}]",17,795,"{'hp': 78, 'attack': 84, 'defense': 78, 'special-attack': 109, 'special-defense': 85, 'speed': 100}",['fire'],84,78,78,109,85,100
totodile,"[{'ability': {'name': 'torrent', 'url': 'https://pokeapi.co/api/v2/ability/67/'}, 'is_hidden': False, 'slot': 1}, {'ability': {'name': 'sheer-force', 'url': 'https://pokeapi.co/api/v2/ability/125/'}, 'is_hidden': True, 'slot': 3}]",6,95,"{'hp': 50, 'attack': 65, 'defense': 64, 'special-attack': 44, 'special-defense': 48, 'speed': 43}",['water'],65,64,50,44,48,43
croconaw,"[{'ability': {'name': 'torrent', 'url': 'https://pokeapi.co/api/v2/ability/67/'}, 'is_hidden': False, 'slot': 1}, {'ability': {'name': 'sheer-force', 'url': 'https://pokeapi.co/api/v2/ability/125/'}, 'is_hidden': True, 'slot': 3}]",11,250,"{'hp': 65, 'attack': 80, 'defense': 80, 'special-attack': 59, 'special-defense': 63, 'speed': 58}",['water'],80,80,65,59,63,58
feraligatr,"[{'ability': {'name': 'torrent', 'url': 'https://pokeapi.co/api/v2/ability/67/'}, 'is_hidden': False, 'slot': 1}, {'ability': {'name': 'sheer-force', 'url': 'https://pokeapi.co/api/v2/ability/125/'}, 'is_hidden': True, 'slot': 3}]",23,888,"{'hp': 85, 'attack': 105, 'defense': 100, 'special-attack': 79, 'special-defense': 83, 'speed': 78}",['water'],105,100,85,79,83,78
sentret,"[{'ability': {'name': 'run-away', 'url': 'https://pokeapi.co/api/v2/ability/50/'}, 'is_hidden': False, 'slot': 1}, {'ability': {'name': 'keen-eye', 'url': 'https://pokeapi.co/api/v2/ability/51/'}, 'is_hidden': False, 'slot': 2}, {'ability': {'name': 'frisk', 'url': 'https://pokeapi.co/api/v2/ability/119/'}, 'is_hidden': True, 'slot': 3}]",8,60,"{'hp': 35, 'attack': 46, 'defense': 34, 'special-attack': 35, 'special-defense': 45, 'speed': 20}",['normal'],46,34,35,35,45,20
furret,"[{'ability': {'name': 'run-away', 'url': 'https://pokeapi.co/api/v2/ability/50/'}, 'is_hidden': False, 'slot': 1}, {'ability': {'name': 'keen-eye', 'url': 'https://pokeapi.co/api/v2/ability/51/'}, 'is_hidden': False, 'slot': 2}, {'ability': {'name': 'frisk', 'url': 'https://pokeapi.co/api/v2/ability/119/'}, 'is_hidden': True, 'slot': 3}]",18,325,"{'hp': 85, 'attack': 76, 'defense': 64, 'special-attack': 45, 'special-defense': 55, 'speed': 90}",['normal'],76,64,85,45,55,90
hoothoot,"[{'ability': {'name': 'insomnia', 'url': 'https://pokeapi.co/api/v2/ability/15/'}, 'is_hidden': False, 'slot': 1}, {'ability': {'name': 'keen-eye', 'url': 'https://pokeapi.co/api/v2/ability/51/'}, 'is_hidden': False, 'slot': 2}, {'ability': {'name': 'tinted-lens', 'url': 'https://pokeapi.co/api/v2/ability/110/'}, 'is_hidden': True, 'slot': 3}]",7,212,"{'hp': 60, 'attack': 30, 'defense': 30, 'special-attack': 36, 'special-defense': 56, 'speed': 50}","['normal', 'flying']",30,30,60,36,56,50
noctowl,"[{'ability': {'name': 'insomnia', 'url': 'https://pokeapi.co/api/v2/ability/15/'}, 'is_hidden': False, 'slot': 1}, {'ability': {'name': 'keen-eye', 'url': 'https://pokeapi.co/api/v2/ability/51/'}, 'is_hidden': False, 'slot': 2}, {'ability': {'name': 'tinted-lens', 'url': 'https://pokeapi.co/api/v2/ability/110/'}, 'is_hidden': True, 'slot': 3}]",16,408,"{'hp': 100, 'attack': 50, 'defense': 50, 'special-attack': 86, 'special-defense': 96, 'speed': 70}","['normal', 'flying']",50,50,100,86,96,70
ledyba,"[{'ability': {'name': 'swarm', 'url': 'https://pokeapi.co/api/v2/ability/68/'}, 'is_hidden': False, 'slot': 1}, {'ability': {'name': 'early-bird', 'url': 'https://pokeapi.co/api/v2/ability/48/'}, 'is_hidden': False, 'slot': 2}, {'ability': {'name': 'rattled', 'url': 'https://pokeapi.co/api/v2/ability/155/'}, 'is_hidden': True, 'slot': 3}]",10,108,"{'hp': 40, 'attack': 20, 'defense': 30, 'special-attack': 40, 'special-defense': 80, 'speed': 55}","['bug', 'flying']",20,30,40,40,80,55
ledian,"[{'ability': {'name': 'swarm', 'url': 'https://pokeapi.co/api/v2/ability/68/'}, 'is_hidden': False, 'slot': 1}, {'ability': {'name': 'early-bird', 'url': 'https://pokeapi.co/api/v2/ability/48/'}, 'is_hidden': False, 'slot': 2}, {'ability': {'name': 'iron-fist', 'url': 'https://pokeapi.co/api/v2/ability/89/'}, 'is_hidden': True, 'slot': 3}]",14,356,"{'hp': 55, 'attack': 35, 'defense': 50, 'special-attack': 55, 'special-defense': 110, 'speed': 85}","['bug', 'flying']",35,50,55,55,110,85
spinarak,"[{'ability': {'name': 'swarm', 'url': 'https://pokeapi.co/api/v2/ability/68/'}, 'is_hidden': False, 'slot': 1}, {'ability': {'name': 'insomnia', 'url': 'https://pokeapi.co/api/v2/ability/15/'}, 'is_hidden': False, 'slot': 2}, {'ability': {'name': 'sniper', 'url': 'https://pokeapi.co/api/v2/ability/97/'}, 'is_hidden': True, 'slot': 3}]",5,85,"{'hp': 40, 'attack': 60, 'defense': 40, 'special-attack': 40, 'special-defense': 40, 'speed': 30}","['bug', 'poison']",60,40,40,40,40,30
ariados,"[{'ability': {'name': 'swarm', 'url': 'https://pokeapi.co/api/v2/ability/68/'}, 'is_hidden': False, 'slot': 1}, {'ability': {'name': 'insomnia', 'url': 'https://pokeapi.co/api/v2/ability/15/'}, 'is_hidden': False, 'slot': 2}, {'ability': {'name': 'sniper', 'url': 'https://pokeapi.co/api/v2/ability/97/'}, 'is_hidden': True, 'slot': 3}]",11,335,"{'hp': 70, 'attack': 90, 'defense': 70, 'special-attack': 60, 'special-defense': 70, 'speed': 40}","['bug', 'poison']",90,70,70,60,70,40
crobat,"[{'ability': {'name': 'inner-focus', 'url': 'https://pokeapi.co/api/v2/ability/39/'}, 'is_hidden': False, 'slot': 1}, {'ability': {'name': 'infiltrator', 'url': 'https://pokeapi.co/api/v2/ability/151/'}, 'is_hidden': True, 'slot': 3}]",18,750,"{'hp': 85, 'attack': 90, 'defense': 80, 'special-attack': 70, 'special-defense': 80, 'speed': 130}","['poison', 'flying']",90,80,85,70,80,130
chinchou,"[{'ability': {'name': 'volt-absorb', 'url': 'https://pokeapi.co/api/v2/ability/10/'}, 'is_hidden': False, 'slot': 1}, {'ability': {'name': 'illuminate', 'url': 'https://pokeapi.co/api/v2/ability/35/'}, 'is_hidden': False, 'slot': 2}, {'ability': {'name': 'water-absorb', 'url': 'https://pokeapi.co/api/v2/ability/11/'}, 'is_hidden': True, 'slot': 3}]",5,120,"{'hp': 75, 'attack': 38, 'defense': 38, 'special-attack': 56, 'special-defense': 56, 'speed': 67}","['water', 'electric']",38,38,75,56,56,67
lanturn,"[{'ability': {'name': 'volt-absorb', 'url': 'https://pokeapi.co/api/v2/ability/10/'}, 'is_hidden': False, 'slot': 1}, {'ability': {'name': 'illuminate', 'url': 'https://pokeapi.co/api/v2/ability/35/'}, 'is_hidden': False, 'slot': 2}, {'ability': {'name': 'water-absorb', 'url': 'https://pokeapi.co/api/v2/ability/11/'}, 'is_hidden': True, 'slot': 3}]",12,225,"{'hp': 125, 'attack': 58, 'defense': 58, 'special-attack': 76, 'special-defense': 76, 'speed': 67}","['water', 'electric']",58,58,125,76,76,67
pichu,"[{'ability': {'name': 'static', 'url': 'https://pokeapi.co/api/v2/ability/9/'}, 'is_hidden': False, 'slot': 1}, {'ability': {'name': 'lightning-rod', 'url': 'https://pokeapi.co/api/v2/ability/31/'}, 'is_hidden': True, 'slot': 3}]",3,20,"{'hp': 20, 'attack': 40, 'defense': 15, 'special-attack': 35, 'special-defense': 35, 'speed': 60}",['electric'],40,15,20,35,35,60
cleffa,"[{'ability': {'name': 'cute-charm', 'url': 'https://pokeapi.co/api/v2/ability/56/'}, 'is_hidden': False, 'slot': 1}, {'ability': {'name': 'magic-guard', 'url': 'https://pokeapi.co/api/v2/ability/98/'}, 'is_hidden': False, 'slot': 2}, {'ability': {'name': 'friend-guard', 'url': 'https://pokeapi.co/api/v2/ability/132/'}, 'is_hidden': True, 'slot': 3}]",3,30,"{'hp': 50, 'attack': 25, 'defense': 28, 'special-attack': 45, 'special-defense': 55, 'speed': 15}",['fairy'],25,28,50,45,55,15
igglybuff,"[{'ability': {'name': 'cute-charm', 'url': 'https://pokeapi.co/api/v2/ability/56/'}, 'is_hidden': False, 'slot': 1}, {'ability': {'name': 'competitive', 'url': 'https://pokeapi.co/api/v2/ability/172/'}, 'is_hidden': False, 'slot': 2}, {'ability': {'name': 'friend-guard', 'url': 'https://pokeapi.co/api/v2/ability/132/'}, 'is_hidden': True, 'slot': 3}]",3,10,"{'hp': 90, 'attack': 30, 'defense': 15, 'special-attack': 40, 'special-defense': 20, 'speed': 15}","['normal', 'fairy']",30,15,90,40,20,15
togepi,"[{'ability': {'name': 'hustle', 'url': 'https://pokeapi.co/api/v2/ability/55/'}, 'is_hidden': False, 'slot': 1}, {'ability': {'name': 'serene-grace', 'url': 'https://pokeapi.co/api/v2/ability/32/'}, 'is_hidden': False, 'slot': 2}, {'ability': {'name': 'super-luck', 'url': 'https://pokeapi.co/api/v2/ability/105/'}, 'is_hidden': True, 'slot': 3}]",3,15,"{'hp': 35, 'attack': 20, 'defense': 65, 'special-attack': 40, 'special-defense': 65, 'speed': 20}",['fairy'],20,65,35,40,65,20
togetic,"[{'ability': {'name': 'hustle', 'url': 'https://pokeapi.co/api/v2/ability/55/'}, 'is_hidden': False, 'slot': 1}, {'ability': {'name': 'serene-grace', 'url': 'https://pokeapi.co/api/v2/ability/32/'}, 'is_hidden': False, 'slot': 2}, {'ability': {'name': 'super-luck', 'url': 'https://pokeapi.co/api/v2/ability/105/'}, 'is_hidden': True, 'slot': 3}]",6,32,"{'hp': 55, 'attack': 40, 'defense': 85, 'special-attack': 80, 'special-defense': 105, 'speed': 40}","['fairy', 'flying']",40,85,55,80,105,40
natu,"[{'ability': {'name': 'synchronize', 'url': 'https://pokeapi.co/api/v2/ability/28/'}, 'is_hidden': False, 'slot': 1}, {'ability': {'name': 'early-bird', 'url': 'https://pokeapi.co/api/v2/ability/48/'}, 'is_hidden': False, 'slot': 2}, {'ability': {'name': 'magic-bounce', 'url': 'https://pokeapi.co/api/v2/ability/156/'}, 'is_hidden': True, 'slot': 3}]",2,20,"{'hp': 40, 'attack': 50, 'defense': 45, 'special-attack': 70, 'special-defense': 45, 'speed': 70}","['psychic', 'flying']",50,45,40,70,45,70
xatu,"[{'ability': {'name': 'synchronize', 'url': 'https://pokeapi.co/api/v2/ability/28/'}, 'is_hidden': False, 'slot': 1}, {'ability': {'name': 'early-bird', 'url': 'https://pokeapi.co/api/v2/ability/48/'}, 'is_hidden': False, 'slot': 2}, {'ability': {'name': 'magic-bounce', 'url': 'https://pokeapi.co/api/v2/ability/156/'}, 'is_hidden': True, 'slot': 3}]",15,150,"{'hp': 65, 'attack': 75, 'defense': 70, 'special-attack': 95, 'special-defense': 70, 'speed': 95}","['psychic', 'flying']",75,70,65,95,70,95
mareep,"[{'ability': {'name': 'static', 'url': 'https://pokeapi.co/api/v2/ability/9/'}, 'is_hidden': False, 'slot': 1}, {'ability': {'name': 'plus', 'url': 'https://pokeapi.co/api/v2/ability/57/'}, 'is_hidden': True, 'slot': 3}]",6,78,"{'hp': 55, 'attack': 40, 'defense': 40, 'special-attack': 65, 'special-defense': 45, 'speed': 35}",['electric'],40,40,55,65,45,35
flaaffy,"[{'ability': {'name': 'static', 'url': 'https://pokeapi.co/api/v2/ability/9/'}, 'is_hidden': False, 'slot': 1}, {'ability': {'name': 'plus', 'url': 'https://pokeapi.co/api/v2/ability/57/'}, 'is_hidden': True, 'slot': 3}]",8,133,"{'hp': 70, 'attack': 55, 'defense': 55, 'special-attack': 80, 'special-defense': 60, 'speed': 45}",['electric'],55,55,70,80,60,45
ampharos,"[{'ability': {'name': 'static', 'url': 'https://pokeapi.co/api/v2/ability/9/'}, 'is_hidden': False, 'slot': 1}, {'ability': {'name': 'plus', 'url': 'https://pokeapi.co/api/v2/ability/57/'}, 'is_hidden': True, 'slot': 3}]",14,615,"{'hp': 90, 'attack': 75, 'defense': 85, 'special-attack': 115, 'special-defense': 90, 'speed': 55}",['electric'],75,85,90,115,90,55
bellossom,"[{'ability': {'name': 'chlorophyll', 'url': 'https://pokeapi.co/api/v2/ability/34/'}, 'is_hidden': False, 'slot': 1}, {'ability': {'name': 'healer', 'url': 'https://pokeapi.co/api/v2/ability/131/'}, 'is_hidden': True, 'slot': 3}]",4,58,"{'hp': 75, 'attack': 80, 'defense': 95, 'special-attack': 90, 'special-defense': 100, 'speed': 50}",['grass'],80,95,75,90,100,50
marill,"[{'ability': {'name': 'thick-fat', 'url': 'https://pokeapi.co/api/v2/ability/47/'}, 'is_hidden': False, 'slot': 1}, {'ability': {'name': 'huge-power', 'url': 'https://pokeapi.co/api/v2/ability/37/'}, 'is_hidden': False, 'slot': 2}, {'ability': {'name': 'sap-sipper', 'url': 'https://pokeapi.co/api/v2/ability/157/'}, 'is_hidden': True, 'slot': 3}]",4,85,"{'hp': 70, 'attack': 20, 'defense': 50, 'special-attack': 20, 'special-defense': 50, 'speed': 40}","['water', 'fairy']",20,50,70,20,50,40
azumarill,"[{'ability': {'name': 'thick-fat', 'url': 'https://pokeapi.co/api/v2/ability/47/'}, 'is_hidden': False, 'slot': 1}, {'ability': {'name': 'huge-power', 'url': 'https://pokeapi.co/api/v2/ability/37/'}, 'is_hidden': False, 'slot': 2}, {'ability': {'name': 'sap-sipper', 'url': 'https://pokeapi.co/api/v2/ability/157/'}, 'is_hidden': True, 'slot': 3}]",8,285,"{'hp': 100, 'attack': 50, 'defense': 80, 'special-attack': 60, 'special-defense': 80, 'speed': 50}","['water', 'fairy']",50,80,100,60,80,50
sudowoodo,"[{'ability': {'name': 'sturdy', 'url': 'https://pokeapi.co/api/v2/ability/5/'}, 'is_hidden': False, 'slot': 1}, {'ability': {'name': 'rock-head', 'url': 'https://pokeapi.co/api/v2/ability/69/'}, 'is_hidden': False, 'slot': 2}, {'ability': {'name': 'rattled', 'url': 'https://pokeapi.co/api/v2/ability/155/'}, 'is_hidden': True, 'slot': 3}]",12,380,"{'hp': 70, 'attack': 100, 'defense': 115, 'special-attack': 30, 'special-defense': 65, 'speed': 30}",['rock'],100,115,70,30,65,30
politoed,"[{'ability': {'name': 'water-absorb', 'url': 'https://pokeapi.co/api/v2/ability/11/'}, 'is_hidden': False, 'slot': 1}, {'ability': {'name': 'damp', 'url': 'https://pokeapi.co/api/v2/ability/6/'}, 'is_hidden': False, 'slot': 2}, {'ability': {'name': 'drizzle', 'url': 'https://pokeapi.co/api/v2/ability/2/'}, 'is_hidden': True, 'slot': 3}]",11,339,"{'hp': 90, 'attack': 75, 'defense': 75, 'special-attack': 90, 'special-defense': 100, 'speed': 70}",['water'],75,75,90,90,100,70
hoppip,"[{'ability': {'name': 'chlorophyll', 'url': 'https://pokeapi.co/api/v2/ability/34/'}, 'is_hidden': False, 'slot': 1}, {'ability': {'name': 'leaf-guard', 'url': 'https://pokeapi.co/api/v2/ability/102/'}, 'is_hidden': False, 'slot': 2}, {'ability': {'name': 'infiltrator', 'url': 'https://pokeapi.co/api/v2/ability/151/'}, 'is_hidden': True, 'slot': 3}]",4,5,"{'hp': 35, 'attack': 35, 'defense': 40, 'special-attack': 35, 'special-defense': 55, 'speed': 50}","['grass', 'flying']",35,40,35,35,55,50
skiploom,"[{'ability': {'name': 'chlorophyll', 'url': 'https://pokeapi.co/api/v2/ability/34/'}, 'is_hidden': False, 'slot': 1}, {'ability': {'name': 'leaf-guard', 'url': 'https://pokeapi.co/api/v2/ability/102/'}, 'is_hidden': False, 'slot': 2}, {'ability': {'name': 'infiltrator', 'url': 'https://pokeapi.co/api/v2/ability/151/'}, 'is_hidden': True, 'slot': 3}]",6,10,"{'hp': 55, 'attack': 45, 'defense': 50, 'special-attack': 45, 'special-defense': 65, 'speed': 80}","['grass', 'flying']",45,50,55,45,65,80
jumpluff,"[{'ability': {'name': 'chlorophyll', 'url': 'https://pokeapi.co/api/v2/ability/34/'}, 'is_hidden': False, 'slot': 1}, {'ability': {'name': 'leaf-guard', 'url': 'https://pokeapi.co/api/v2/ability/102/'}, 'is_hidden': False, 'slot': 2}, {'ability': {'name': 'infiltrator', 'url': 'https://pokeapi.co/api/v2/ability/151/'}, 'is_hidden': True, 'slot': 3}]",8,30,"{'hp': 75, 'attack': 55, 'defense': 70, 'special-attack': 55, 'special-defense': 95, 'speed': 110}","['grass', 'flying']",55,70,75,55,95,110
aipom,"[{'ability': {'name': 'run-away', 'url': 'https://pokeapi.co/api/v2/ability/50/'}, 'is_hidden': False, 'slot': 1}, {'ability': {'name': 'pickup', 'url': 'https://pokeapi.co/api/v2/ability/53/'}, 'is_hidden': False, 'slot': 2}, {'ability': {'name': 'skill-link', 'url': 'https://pokeapi.co/api/v2/ability/92/'}, 'is_hidden': True, 'slot': 3}]",8,115,"{'hp': 55, 'attack': 70, 'defense': 55, 'special-attack': 40, 'special-defense': 55, 'speed': 85}",['normal'],70,55,55,40,55,85
sunkern,"[{'ability': {'name': 'chlorophyll', 'url': 'https://pokeapi.co/api/v2/ability/34/'}, 'is_hidden': False, 'slot': 1}, {'ability': {'name': 'solar-power', 'url': 'https://pokeapi.co/api/v2/ability/94/'}, 'is_hidden': False, 'slot': 2}, {'ability': {'name': 'early-bird', 'url': 'https://pokeapi.co/api/v2/ability/48/'}, 'is_hidden': True, 'slot': 3}]",3,18,"{'hp': 30, 'attack': 30, 'defense': 30, 'special-attack': 30, 'special-defense': 30, 'speed': 30}",['grass'],30,30,30,30,30,30
sunflora,"[{'ability': {'name': 'chlorophyll', 'url': 'https://pokeapi.co/api/v2/ability/34/'}, 'is_hidden': False, 'slot': 1}, {'ability': {'name': 'solar-power', 'url': 'https://pokeapi.co/api/v2/ability/94/'}, 'is_hidden': False, 'slot': 2}, {'ability': {'name': 'early-bird', 'url': 'https://pokeapi.co/api/v2/ability/48/'}, 'is_hidden': True, 'slot': 3}]",8,85,"{'hp': 75, 'attack': 75, 'defense': 55, 'special-attack': 105, 'special-defense': 85, 'speed': 30}",['grass'],75,55,75,105,85,30
yanma,"[{'ability': {'name': 'speed-boost', 'url': 'https://pokeapi.co/api/v2/ability/3/'}, 'is_hidden': False, 'slot': 1}, {'ability': {'name': 'compound-eyes', 'url': 'https://pokeapi.co/api/v2/ability/14/'}, 'is_hidden': False, 'slot': 2}, {'ability': {'name': 'frisk', 'url': 'https://pokeapi.co/api/v2/ability/119/'}, 'is_hidden': True, 'slot': 3}]",12,380,"{'hp': 65, 'attack': 65, 'defense': 45, 'special-attack': 75, 'special-defense': 45, 'speed': 95}","['bug', 'flying']",65,45,65,75,45,95
wooper,"[{'ability': {'name': 'damp', 'url': 'https://pokeapi.co/api/v2/ability/6/'}, 'is_hidden': False, 'slot': 1}, {'ability': {'name': 'water-absorb', 'url': 'https://pokeapi.co/api/v2/ability/11/'}, 'is_hidden': False, 'slot': 2}, {'ability': {'name': 'unaware', 'url': 'https://pokeapi.co/api/v2/ability/109/'}, 'is_hidden': True, 'slot': 3}]",4,85,"{'hp': 55, 'attack': 45, 'defense': 45, 'special-attack': 25, 'special-defense': 25, 'speed': 15}","['water', 'ground']",45,45,55,25,25,15
quagsire,"[{'ability': {'name': 'damp', 'url': 'https://pokeapi.co/api/v2/ability/6/'}, 'is_hidden': False, 'slot': 1}, {'ability': {'name': 'water-absorb', 'url': 'https://pokeapi.co/api/v2/ability/11/'}, 'is_hidden': False, 'slot': 2}, {'ability': {'name': 'unaware', 'url': 'https://pokeapi.co/api/v2/ability/109/'}, 'is_hidden': True, 'slot': 3}]",14,750,"{'hp': 95, 'attack': 85, 'defense': 85, 'special-attack': 65, 'special-defense': 65, 'speed': 35}","['water', 'ground']",85,85,95,65,65,35
espeon,"[{'ability': {'name': 'synchronize', 'url': 'https://pokeapi.co/api/v2/ability/28/'}, 'is_hidden': False, 'slot': 1}, {'ability': {'name': 'magic-bounce', 'url': 'https://pokeapi.co/api/v2/ability/156/'}, 'is_hidden': True, 'slot': 3}]",9,265,"{'hp': 65, 'attack': 65, 'defense': 60, 'special-attack': 130, 'special-defense': 95, 'speed': 110}",['psychic'],65,60,65,130,95,110
umbreon,"[{'ability': {'name': 'synchronize', 'url': 'https://pokeapi.co/api/v2/ability/28/'}, 'is_hidden': False, 'slot': 1}, {'ability': {'name': 'inner-focus', 'url': 'https://pokeapi.co/api/v2/ability/39/'}, 'is_hidden': True, 'slot': 3}]",10,270,"{'hp': 95, 'attack': 65, 'defense': 110, 'special-attack': 60, 'special-defense': 130, 'speed': 65}",['dark'],65,110,95,60,130,65
murkrow,"[{'ability': {'name': 'insomnia', 'url': 'https://pokeapi.co/api/v2/ability/15/'}, 'is_hidden': False, 'slot': 1}, {'ability': {'name': 'super-luck', 'url': 'https://pokeapi.co/api/v2/ability/105/'}, 'is_hidden': False, 'slot': 2}, {'ability': {'name': 'prankster', 'url': 'https://pokeapi.co/api/v2/ability/158/'}, 'is_hidden': True, 'slot': 3}]",5,21,"{'hp': 60, 'attack': 85, 'defense': 42, 'special-attack': 85, 'special-defense': 42, 'speed': 91}","['dark', 'flying']",85,42,60,85,42,91
slowking,"[{'ability': {'name': 'oblivious', 'url': 'https://pokeapi.co/api/v2/ability/12/'}, 'is_hidden': False, 'slot': 1}, {'ability': {'name': 'own-tempo', 'url': 'https://pokeapi.co/api/v2/ability/20/'}, 'is_hidden': False, 'slot': 2}, {'ability': {'name': 'regenerator', 'url': 'https://pokeapi.co/api/v2/ability/144/'}, 'is_hidden': True, 'slot': 3}]",20,795,"{'hp': 95, 'attack': 75, 'defense': 80, 'special-attack': 100, 'special-defense': 110, 'speed': 30}","['water', 'psychic']",75,80,95,100,110,30
misdreavus,"[{'ability': {'name': 'levitate', 'url': 'https://pokeapi.co/api/v2/ability/26/'}, 'is_hidden': False, 'slot': 1}]",7,10,"{'hp': 60, 'attack': 60, 'defense': 60, 'special-attack': 85, 'special-defense': 85, 'speed': 85}",['ghost'],60,60,60,85,85,85
